rank	byte_length	string_table_offset	file_offset	string_json
1	301	124883	6264707	"__ZN3mlt5LayerC1ENSt3__112basic_stringIcNS1_11char_traitsIcEENS1_9allocatorIcEEEEjONS1_10unique_ptrINS_8geometry14GeometryVectorENS1_14default_deleteISA_EEEENS1_6vectorINS_7FeatureENS5_ISG_EEEENS1_13unordered_mapIS7_NS_17PresentPropertiesENS1_4hashIS7_EENS1_8equal_toIS7_EENS5_INS1_4pairIKS7_SK_EEEEEE"
2	301	125185	6265009	"__ZN3mlt5LayerC2ENSt3__112basic_stringIcNS1_11char_traitsIcEENS1_9allocatorIcEEEEjONS1_10unique_ptrINS_8geometry14GeometryVectorENS1_14default_deleteISA_EEEENS1_6vectorINS_7FeatureENS5_ISG_EEEENS1_13unordered_mapIS7_NS_17PresentPropertiesENS1_4hashIS7_EENS1_8equal_toIS7_EENS5_INS1_4pairIKS7_SK_EEEEEE"
3	289	72051	6211875	"__ZN3MTL7Private8Selector260s_kdrawIndexedPatches_patchStart_patchCount_patchIndexBuffer_patchIndexBufferOffset_controlPointIndexBuffer_controlPointIndexBufferOffset_instanceCount_baseInstance_tessellationFactorBuffer_tessellationFactorBufferOffset_tessellationFactorBufferInstanceStride_E"
4	245	124253	6264077	"__ZN3mlt17PresentPropertiesC1ENS_8metadata7tileset6schema10ScalarTypeENSt3__17variantIJNS5_6vectorIhNS5_9allocatorIhEEEENS7_IjNS8_IjEEEENS7_IyNS8_IyEEEENS7_IiNS8_IiEEEENS7_IxNS8_IxEEEENS7_IfNS8_IfEEEENS7_IdNS8_IdEEEENS_15StringDictViewsEEEERKSA_"
5	245	124499	6264323	"__ZN3mlt17PresentPropertiesC2ENS_8metadata7tileset6schema10ScalarTypeENSt3__17variantIJNS5_6vectorIhNS5_9allocatorIhEEEENS7_IjNS8_IjEEEENS7_IyNS8_IyEEEENS7_IiNS8_IiEEEENS7_IxNS8_IxEEEENS7_IfNS8_IfEEEENS7_IdNS8_IdEEEENS_15StringDictViewsEEEERKSA_"
6	228	55917	6195741	"__ZN3MTL7Private8Selector199s_kdrawPatches_patchStart_patchCount_patchIndexBuffer_patchIndexBufferOffset_instanceCount_baseInstance_tessellationFactorBuffer_tessellationFactorBufferOffset_tessellationFactorBufferInstanceStride_E"
7	194	49326	6189150	"__ZN3MTL7Private8Selector165s_kdrawIndexedPatches_patchStart_patchCount_patchIndexBuffer_patchIndexBufferOffset_controlPointIndexBuffer_controlPointIndexBufferOffset_instanceCount_baseInstance_E"
8	181	47252	6187076	"__ZN3MTL7Private8Selector152s_kdrawIndexedPatches_patchIndexBuffer_patchIndexBufferOffset_controlPointIndexBuffer_controlPointIndexBufferOffset_indirectBuffer_indirectBufferOffset_E"
9	179	46892	6186716	"__ZN3MTL7Private8Selector150s_kcopyFromBuffer_sourceOffset_sourceBytesPerRow_sourceBytesPerImage_sourceSize_toTexture_destinationSlice_destinationLevel_destinationOrigin_options_E"
10	179	47072	6186896	"__ZN3MTL7Private8Selector150s_kcopyFromTexture_sourceSlice_sourceLevel_sourceOrigin_sourceSize_toBuffer_destinationOffset_destinationBytesPerRow_destinationBytesPerImage_options_E"
11	173	45299	6185123	"__ZN3MTL7Private8Selector144s_kmoveTextureMappingsFromTexture_sourceSlice_sourceLevel_sourceOrigin_sourceSize_toTexture_destinationSlice_destinationLevel_destinationOrigin_E"
12	171	44955	6184779	"__ZN3MTL7Private8Selector142s_kcopyFromBuffer_sourceOffset_sourceBytesPerRow_sourceBytesPerImage_sourceSize_toTexture_destinationSlice_destinationLevel_destinationOrigin_E"
13	171	45127	6184951	"__ZN3MTL7Private8Selector142s_kcopyFromTexture_sourceSlice_sourceLevel_sourceOrigin_sourceSize_toBuffer_destinationOffset_destinationBytesPerRow_destinationBytesPerImage_E"
14	159	125525	6265349	"__ZN3mlt7Decoder4Impl12makeFeaturesERKNSt3__16vectorIyNS2_9allocatorIyEEEEONS3_INS2_10unique_ptrINS_8geometry8GeometryENS2_14default_deleteISB_EEEENS4_ISE_EEEE"
15	158	41925	6181749	"__ZN3MTL7Private8Selector129s_kcopyFromTexture_sourceSlice_sourceLevel_sourceOrigin_sourceSize_toTexture_destinationSlice_destinationLevel_destinationOrigin_E"
16	149	41775	6181599	"__ZN3MTL7Private8Selector120s_kloadTexture_slice_level_size_sourceBytesPerRow_sourceBytesPerImage_destinationOrigin_sourceHandle_sourceHandleOffset_E"
17	149	127368	6267192	"__ZZN3mlt7decoder14IntegerDecoder14decodeIntArrayIjNS_8metadata7tileset12GeometryTypeEEEvPKT_mPT0_mRKNS3_6stream14StreamMetadataEbENUljE0_8__invokeEj"
18	149	127518	6267342	"__ZZN3mlt7decoder14IntegerDecoder14decodeIntArrayIjNS_8metadata7tileset12GeometryTypeEEEvPKT_mPT0_mRKNS3_6stream14StreamMetadataEbENUljE1_8__invokeEj"
19	149	127668	6267492	"__ZZN3mlt7decoder14IntegerDecoder14decodeIntArrayIjNS_8metadata7tileset12GeometryTypeEEEvPKT_mPT0_mRKNS3_6stream14StreamMetadataEbENUljE2_8__invokeEj"
20	148	127818	6267642	"__ZZN3mlt7decoder14IntegerDecoder14decodeIntArrayIjNS_8metadata7tileset12GeometryTypeEEEvPKT_mPT0_mRKNS3_6stream14StreamMetadataEbENUljE_8__invokeEj"
21	146	40628	6180452	"__ZN3MTL7Private8Selector117s_kdrawMeshThreadgroupsWithIndirectBuffer_indirectBufferOffset_threadsPerObjectThreadgroup_threadsPerMeshThreadgroup_E"
22	143	40340	6180164	"__ZN3MTL7Private8Selector114s_kdrawIndexedPrimitives_indexCount_indexType_indexBuffer_indexBufferLength_instanceCount_baseVertex_baseInstance_E"
23	143	40484	6180308	"__ZN3MTL7Private8Selector114s_kdrawIndexedPrimitives_indexCount_indexType_indexBuffer_indexBufferOffset_instanceCount_baseVertex_baseInstance_E"
24	138	39694	6179518	"__ZN3MTL7Private8Selector109s_kcopyFromTexture_sourceSlice_sourceLevel_toTexture_destinationSlice_destinationLevel_sliceCount_levelCount_E"
25	137	124745	6264569	"__ZN3mlt4util8decoding3rle13decodeBooleanERNS_12BufferStreamERNSt3__16vectorIhNS5_9allocatorIhEEEERKNS_8metadata6stream14StreamMetadataEb"
26	133	39426	6179250	"__ZN3MTL7Private8Selector104s_kdrawPatches_patchStart_patchCount_patchIndexBuffer_patchIndexBufferOffset_instanceCount_baseInstance_E"
27	133	39560	6179384	"__ZN3MTL7Private8Selector104s_knewComputePipelineStateWithDescriptor_dynamicLinkingDescriptor_compilerTaskOptions_completionHandler_E"
28	132	39293	6179117	"__ZN3MTL7Private8Selector103s_knewRenderPipelineStateWithDescriptor_dynamicLinkingDescriptor_compilerTaskOptions_completionHandler_E"
29	130	39162	6178986	"__ZN3MTL7Private8Selector101s_kdrawIndexedPrimitives_indexType_indexBuffer_indexBufferOffset_indirectBuffer_indirectBufferOffset_E"
30	129	39032	6178856	"__ZN3MTL7Private8Selector100s_kgetTextureAccessCounters_region_mipLevel_slice_resetCounters_countersBuffer_countersBufferOffset_E"
31	125	123498	6263322	"__ZN3MTL7Private8Selector97s_kcopyFromTensor_sourceOrigin_sourceDimensions_toTensor_destinationOrigin_destinationDimensions_E"
32	124	123373	6263197	"__ZN3MTL7Private8Selector96s_kdrawMeshThreadgroupsWithIndirectBuffer_threadsPerObjectThreadgroup_threadsPerMeshThreadgroup_E"
33	123	123249	6263073	"__ZN3MTL7Private8Selector95s_krefitAccelerationStructure_descriptor_destination_scratchBuffer_scratchBufferOffset_options_E"
34	123	127967	6267791	"__ZZN3mlt7decoder14IntegerDecoder14decodeIntArrayIjiEEvPKT_mPT0_mRKNS_8metadata6stream14StreamMetadataEbENUljE0_8__invokeEj"
35	123	128091	6267915	"__ZZN3mlt7decoder14IntegerDecoder14decodeIntArrayIjiEEvPKT_mPT0_mRKNS_8metadata6stream14StreamMetadataEbENUljE1_8__invokeEj"
36	123	128215	6268039	"__ZZN3mlt7decoder14IntegerDecoder14decodeIntArrayIjiEEvPKT_mPT0_mRKNS_8metadata6stream14StreamMetadataEbENUljE2_8__invokeEj"
37	123	128462	6268286	"__ZZN3mlt7decoder14IntegerDecoder14decodeIntArrayIjjEEvPKT_mPT0_mRKNS_8metadata6stream14StreamMetadataEbENUljE0_8__invokeEj"
38	123	128586	6268410	"__ZZN3mlt7decoder14IntegerDecoder14decodeIntArrayIjjEEvPKT_mPT0_mRKNS_8metadata6stream14StreamMetadataEbENUljE1_8__invokeEj"
39	123	128710	6268534	"__ZZN3mlt7decoder14IntegerDecoder14decodeIntArrayIjjEEvPKT_mPT0_mRKNS_8metadata6stream14StreamMetadataEbENUljE2_8__invokeEj"
40	123	128957	6268781	"__ZZN3mlt7decoder14IntegerDecoder14decodeIntArrayIyyEEvPKT_mPT0_mRKNS_8metadata6stream14StreamMetadataEbENUlyE0_8__invokeEy"
41	123	129081	6268905	"__ZZN3mlt7decoder14IntegerDecoder14decodeIntArrayIyyEEvPKT_mPT0_mRKNS_8metadata6stream14StreamMetadataEbENUlyE1_8__invokeEy"
42	123	129205	6269029	"__ZZN3mlt7decoder14IntegerDecoder14decodeIntArrayIyyEEvPKT_mPT0_mRKNS_8metadata6stream14StreamMetadataEbENUlyE2_8__invokeEy"
43	122	128339	6268163	"__ZZN3mlt7decoder14IntegerDecoder14decodeIntArrayIjiEEvPKT_mPT0_mRKNS_8metadata6stream14StreamMetadataEbENUljE_8__invokeEj"
44	122	128834	6268658	"__ZZN3mlt7decoder14IntegerDecoder14decodeIntArrayIjjEEvPKT_mPT0_mRKNS_8metadata6stream14StreamMetadataEbENUljE_8__invokeEj"
45	122	129329	6269153	"__ZZN3mlt7decoder14IntegerDecoder14decodeIntArrayIyyEEvPKT_mPT0_mRKNS_8metadata6stream14StreamMetadataEbENUlyE_8__invokeEy"
46	120	123128	6262952	"__ZN3MTL7Private8Selector92s_knewComputePipelineStateWithDescriptor_dynamicLinkingDescriptor_compilerTaskOptions_error_E"
47	119	122888	6262712	"__ZN3MTL7Private8Selector91s_kdrawPatches_patchIndexBuffer_patchIndexBufferOffset_indirectBuffer_indirectBufferOffset_E"
48	119	123008	6262832	"__ZN3MTL7Private8Selector91s_knewRenderPipelineStateWithDescriptor_dynamicLinkingDescriptor_compilerTaskOptions_error_E"
49	118	122650	6262474	"__ZN3MTL7Private8Selector90s_kdrawIndexedPrimitives_indexCount_indexType_indexBuffer_indexBufferLength_instanceCount_E"
50	118	122769	6262593	"__ZN3MTL7Private8Selector90s_kdrawIndexedPrimitives_indexCount_indexType_indexBuffer_indexBufferOffset_instanceCount_E"
51	115	122138	6261962	"__ZN3MTL7Private8Selector87s_krefitAccelerationStructure_descriptor_destination_scratchBuffer_scratchBufferOffset_E"
52	113	122024	6261848	"__ZN3MTL7Private8Selector85s_kdispatchThreadgroupsWithIndirectBuffer_indirectBufferOffset_threadsPerThreadgroup_E"
53	111	121912	6261736	"__ZN3MTL7Private8Selector83s_knewRenderPipelineStateBySpecializationWithDescriptor_pipeline_completionHandler_E"
54	109	121802	6261626	"__ZN3MTL7Private8Selector81s_kconvertSparsePixelRegions_toTileRegions_withTileSize_alignmentMode_numRegions_E"
55	109	127017	6266841	"__ZNK3mlt7Feature11getPropertyERKNSt3__112basic_stringIcNS1_11char_traitsIcEENS1_9allocatorIcEEEERKNS_5LayerE"
56	109	157775	6297599	"__ZNSt3__16chrono12system_clock9to_time_tERKNS0_10time_pointIS1_NS0_8durationIxNS_5ratioILl1ELl1000000EEEEEEE"
57	108	121693	6261517	"__ZN3MTL7Private8Selector80s_kdrawIndexedPrimitives_indexType_indexBuffer_indexBufferLength_indirectBuffer_E"
58	107	121270	6261094	"__ZN3MTL7Private8Selector79s_knewComputePipelineStateWithDescriptor_compilerTaskOptions_completionHandler_E"
59	106	121056	6260880	"__ZN3MTL7Private8Selector78s_kdrawMeshThreadgroups_threadsPerObjectThreadgroup_threadsPerMeshThreadgroup_E"
60	106	121163	6260987	"__ZN3MTL7Private8Selector78s_knewRenderPipelineStateWithDescriptor_compilerTaskOptions_completionHandler_E"
61	104	120846	6260670	"__ZN3MTL7Private8Selector76s_kdrawIndexedPrimitives_indexCount_indexType_indexBuffer_indexBufferLength_E"
62	104	120951	6260775	"__ZN3MTL7Private8Selector76s_kdrawIndexedPrimitives_indexCount_indexType_indexBuffer_indexBufferOffset_E"
63	103	120638	6260462	"__ZN3MTL7Private8Selector75s_kbuildAccelerationStructure_descriptor_scratchBuffer_scratchBufferOffset_E"
64	103	120742	6260566	"__ZN3MTL7Private8Selector75s_krefitAccelerationStructure_descriptor_destination_scratchBuffer_options_E"
65	103	153929	6293753	"__ZNSt3__112system_errorC2ENS_10error_codeERKNS_12basic_stringIcNS_11char_traitsIcEENS_9allocatorIcEEEE"
66	101	120434	6260258	"__ZN3MTL7Private8Selector73s_kdrawMeshThreads_threadsPerObjectThreadgroup_threadsPerMeshThreadgroup_E"
67	101	120536	6260360	"__ZN3MTL7Private8Selector73s_knewBinaryFunctionWithDescriptor_compilerTaskOptions_completionHandler_E"
68	100	25605	6165429	"__ZN3MTL26CopyAllDevicesWithObserverEPPN2NS6ObjectERKNSt3__18functionIFvPNS_6DeviceEPNS0_6StringEEEE"
69	100	120131	6259955	"__ZN3MTL7Private8Selector72s_knewComputePipelineStateWithDescriptor_dynamicLinkingDescriptor_error_E"
70	100	120232	6260056	"__ZN3MTL7Private8Selector72s_ksparseTileSizeWithTextureType_pixelFormat_sampleCount_sparsePageSize_E"
71	100	120333	6260157	"__ZN3MTL7Private8Selector72s_kwriteCompactedAccelerationStructureSize_toBuffer_offset_sizeDataType_E"
72	99	119831	6259655	"__ZN3MTL7Private8Selector71s_knewRenderPipelineStateBySpecializationWithDescriptor_pipeline_error_E"
73	99	119931	6259755	"__ZN3MTL7Private8Selector71s_knewRenderPipelineStateWithDescriptor_dynamicLinkingDescriptor_error_E"
74	99	120031	6259855	"__ZN3MTL7Private8Selector71s_kreplaceRegion_mipmapLevel_slice_withBytes_bytesPerRow_bytesPerImage_E"
75	98	14179	6154003	"__Z27MLNFeaturesFromMBGLFeaturesRKNSt3__16vectorIN6mapbox7feature7featureIdEENS_9allocatorIS4_EEEE"
76	98	119435	6259259	"__ZN3MTL7Private8Selector70s_kcopyIndirectCommandBuffer_sourceRange_destination_destinationIndex_E"
77	98	119534	6259358	"__ZN3MTL7Private8Selector70s_knewRenderPipelineStateWithMeshDescriptor_options_completionHandler_E"
78	98	119633	6259457	"__ZN3MTL7Private8Selector70s_knewRenderPipelineStateWithTileDescriptor_options_completionHandler_E"
79	98	119732	6259556	"__ZN3MTL7Private8Selector70s_ktextureBufferDescriptorWithPixelFormat_width_resourceOptions_usage_E"
80	98	125871	6265695	"__ZN3mlt7DecoderC1EONSt3__110unique_ptrINS_8geometry15GeometryFactoryENS1_14default_deleteIS4_EEEE"
81	98	125991	6265815	"__ZN3mlt7DecoderC2EONSt3__110unique_ptrINS_8geometry15GeometryFactoryENS1_14default_deleteIS4_EEEE"
82	97	119073	6258897	"__ZN3MTL7Private8Selector69s_kdrawPrimitives_vertexStart_vertexCount_instanceCount_baseInstance_E"
83	97	119171	6258995	"__ZN3MTL7Private8Selector69s_knewRenderPipelineStateWithMeshDescriptor_options_reflection_error_E"
84	97	119269	6259093	"__ZN3MTL7Private8Selector69s_knewRenderPipelineStateWithTileDescriptor_options_reflection_error_E"
85	97	152095	6291919	"__ZNSt3__112basic_stringIcNS_11char_traitsIcEENS_9allocatorIcEEE21__grow_by_and_replaceEmmmmmmPKc"
86	95	25706	6165530	"__ZN3MTL26CopyAllDevicesWithObserverEPPN2NS6ObjectEU13block_pointerFvPNS_6DeviceEPNS0_6StringEE"
87	95	118305	6258129	"__ZN3MTL7Private8Selector67s_kbarrierAfterEncoderStages_beforeEncoderStages_visibilityOptions_E"
88	95	118401	6258225	"__ZN3MTL7Private8Selector67s_kconvertSparseTileRegions_toPixelRegions_withTileSize_numRegions_E"
89	95	118497	6258321	"__ZN3MTL7Private8Selector67s_kgetBytes_bytesPerRow_bytesPerImage_fromRegion_mipmapLevel_slice_E"
90	95	118593	6258417	"__ZN3MTL7Private8Selector67s_knewComputePipelineStateWithDescriptor_compilerTaskOptions_error_E"
91	95	118689	6258513	"__ZN3MTL7Private8Selector67s_knewComputePipelineStateWithDescriptor_options_completionHandler_E"
92	95	118785	6258609	"__ZN3MTL7Private8Selector67s_knewMachineLearningPipelineStateWithDescriptor_completionHandler_E"
93	95	118881	6258705	"__ZN3MTL7Private8Selector67s_knewTextureViewWithPixelFormat_textureType_levels_slices_swizzle_E"
94	95	118977	6258801	"__ZN3MTL7Private8Selector67s_krefitAccelerationStructure_descriptor_destination_scratchBuffer_E"
95	94	117640	6257464	"__ZN3MTL7Private8Selector66s_knewComputePipelineStateWithDescriptor_options_reflection_error_E"
96	94	117735	6257559	"__ZN3MTL7Private8Selector66s_knewIndirectCommandBufferWithDescriptor_maxCommandCount_options_E"
97	94	117830	6257654	"__ZN3MTL7Private8Selector66s_knewRenderPipelineStateWithDescriptor_compilerTaskOptions_error_E"
98	94	117925	6257749	"__ZN3MTL7Private8Selector66s_knewRenderPipelineStateWithDescriptor_options_completionHandler_E"
99	94	118020	6257844	"__ZN3MTL7Private8Selector66s_krasterizationRateMapDescriptorWithScreenSize_layerCount_layers_E"
100	94	118115	6257939	"__ZN3MTL7Private8Selector66s_ksetTextureViewFromBuffer_descriptor_offset_bytesPerRow_atIndex_E"
101	94	118210	6258034	"__ZN3MTL7Private8Selector66s_kupdateTextureMappings_mode_regions_mipLevels_slices_numRegions_E"
102	93	35047	6174871	"__ZN3MTL7Private5Class68s_kMTLAccelerationStructurePassSampleBufferAttachmentDescriptorArrayE"
103	93	117264	6257088	"__ZN3MTL7Private8Selector65s_knewComputePipelineStateWithFunction_options_completionHandler_E"
104	93	117358	6257182	"__ZN3MTL7Private8Selector65s_knewRenderPipelineStateWithDescriptor_options_reflection_error_E"
105	93	117452	6257276	"__ZN3MTL7Private8Selector65s_kresolveCounterHeap_withRange_intoBuffer_waitFence_updateFence_E"
106	93	117546	6257370	"__ZN3MTL7Private8Selector65s_kupdateTextureMapping_mode_indirectBuffer_indirectBufferOffset_E"
107	92	116892	6256716	"__ZN3MTL7Private8Selector64s_kdispatchThreadgroupsWithIndirectBuffer_threadsPerThreadgroup_E"
108	92	116985	6256809	"__ZN3MTL7Private8Selector64s_knewComputePipelineStateWithFunction_options_reflection_error_E"
109	92	117078	6256902	"__ZN3MTL7Private8Selector64s_ksetFragmentSamplerStates_lodMinClamps_lodMaxClamps_withRange_E"
110	92	117171	6256995	"__ZN3MTL7Private8Selector64s_ksetOpaqueTriangleIntersectionFunctionWithSignature_withRange_E"
111	92	126153	6265977	"__ZN3mlt7FeatureC1EyONSt3__110unique_ptrINS_8geometry8GeometryENS1_14default_deleteIS4_EEEEj"
112	92	126246	6266070	"__ZN3mlt7FeatureC2EyONSt3__110unique_ptrINS_8geometry8GeometryENS1_14default_deleteIS4_EEEEj"
113	91	14536	6154360	"__Z45MBGLCustomGeometrySourceOptionsFromDictionaryP12NSDictionaryIP8NSStringP11objc_objectE"
114	91	116524	6256348	"__ZN3MTL7Private8Selector63s_kcopyAndCompactAccelerationStructure_toAccelerationStructure_E"
115	91	116616	6256440	"__ZN3MTL7Private8Selector63s_kcopyFromBuffer_sourceOffset_toBuffer_destinationOffset_size_E"
116	91	116708	6256532	"__ZN3MTL7Private8Selector63s_kexecuteCommandsInBuffer_indirectBuffer_indirectBufferOffset_E"
117	91	116800	6256624	"__ZN3MTL7Private8Selector63s_kresolveCounters_inRange_destinationBuffer_destinationOffset_E"
118	91	158672	6298496	"__ZNSt3__1plIcNS_11char_traitsIcEENS_9allocatorIcEEEENS_12basic_stringIT_T0_T1_EEPKS6_RKS9_"
119	90	14367	6154191	"__Z30MLNTileSetFromTileURLTemplatesP7NSArrayIP8NSStringEP12NSDictionaryIS1_P11objc_objectE"
120	90	116160	6255984	"__ZN3MTL7Private8Selector62s_knewComputePipelineStateWithAdditionalBinaryFunctions_error_E"
121	90	116251	6256075	"__ZN3MTL7Private8Selector62s_ksetObjectSamplerStates_lodMinClamps_lodMaxClamps_withRange_E"
122	90	116342	6256166	"__ZN3MTL7Private8Selector62s_ksetOpaqueTriangleIntersectionFunctionWithSignature_atIndex_E"
123	90	116433	6256257	"__ZN3MTL7Private8Selector62s_ksetVertexSamplerStates_lodMinClamps_lodMaxClamps_withRange_E"
124	90	151440	6291264	"__ZNSt13runtime_errorC1ERKNSt3__112basic_stringIcNS0_11char_traitsIcEENS0_9allocatorIcEEEE"
125	90	151588	6291412	"__ZNSt13runtime_errorC2ERKNSt3__112basic_stringIcNS0_11char_traitsIcEENS0_9allocatorIcEEEE"
126	89	115530	6255354	"__ZN3MTL7Private8Selector61s_kcopyTextureMappingsFromTexture_toTexture_operations_count_E"
127	89	115620	6255444	"__ZN3MTL7Private8Selector61s_kmemoryBarrierWithResources_count_afterStages_beforeStages_E"
128	89	115710	6255534	"__ZN3MTL7Private8Selector61s_knewBinaryFunctionWithDescriptor_compilerTaskOptions_error_E"
129	89	115800	6255624	"__ZN3MTL7Private8Selector61s_knewRenderPipelineStateWithAdditionalBinaryFunctions_error_E"
130	89	115890	6255714	"__ZN3MTL7Private8Selector61s_ksetOpaqueCurveIntersectionFunctionWithSignature_withRange_E"
131	89	115980	6255804	"__ZN3MTL7Private8Selector61s_ktexture2DDescriptorWithPixelFormat_width_height_mipmapped_E"
132	89	116070	6255894	"__ZN3MTL7Private8Selector61s_kwriteTimestampWithGranularity_afterStage_intoHeap_atIndex_E"
133	88	14278	6154102	"__Z27MLNTimeIntervalFromDurationNSt3__16chrono8durationIxNS_5ratioILl1ELl1000000000EEEEE"
134	88	34869	6174693	"__ZN3MTL7Private5Class63s_kMTL4AccelerationStructureMotionBoundingBoxGeometryDescriptorE"
135	88	34958	6174782	"__ZN3MTL7Private5Class63s_kMTLAccelerationStructurePassSampleBufferAttachmentDescriptorE"
136	88	115263	6255087	"__ZN3MTL7Private8Selector60s_ksetMeshSamplerStates_lodMinClamps_lodMaxClamps_withRange_E"
137	88	115352	6255176	"__ZN3MTL7Private8Selector60s_ksetObjectThreadgroupSizeIsMultipleOfThreadExecutionWidth_E"
138	88	115441	6255265	"__ZN3MTL7Private8Selector60s_ksetTileSamplerStates_lodMinClamps_lodMaxClamps_withRange_E"
139	87	34781	6174605	"__ZN3MTL7Private5Class62s_kMTLAccelerationStructureMotionBoundingBoxGeometryDescriptorE"
140	87	114735	6254559	"__ZN3MTL7Private8Selector59s_knewIntersectionFunctionWithDescriptor_completionHandler_E"
141	87	114823	6254647	"__ZN3MTL7Private8Selector59s_knewTextureViewWithPixelFormat_textureType_levels_slices_E"
142	87	114911	6254735	"__ZN3MTL7Private8Selector59s_ksetFragmentSamplerState_lodMinClamp_lodMaxClamp_atIndex_E"
143	87	114999	6254823	"__ZN3MTL7Private8Selector59s_ksetOpaqueCurveIntersectionFunctionWithSignature_atIndex_E"
144	87	115087	6254911	"__ZN3MTL7Private8Selector59s_ksetStageInRegionWithIndirectBuffer_indirectBufferOffset_E"
145	87	115175	6254999	"__ZN3MTL7Private8Selector59s_kwriteCompactedAccelerationStructureSize_toBuffer_offset_E"
146	86	114126	6253950	"__ZN3MTL7Private8Selector58s_kbarrierAfterQueueStages_beforeStages_visibilityOptions_E"
147	86	114213	6254037	"__ZN3MTL7Private8Selector58s_kbarrierAfterStages_beforeQueueStages_visibilityOptions_E"
148	86	114300	6254124	"__ZN3MTL7Private8Selector58s_kcopyBufferMappingsFromBuffer_toBuffer_operations_count_E"
149	86	114387	6254211	"__ZN3MTL7Private8Selector58s_kcopyResourceViewsFromPool_sourceRange_destinationIndex_E"
150	86	114474	6254298	"__ZN3MTL7Private8Selector58s_kloadBuffer_offset_size_sourceHandle_sourceHandleOffset_E"
151	86	114561	6254385	"__ZN3MTL7Private8Selector58s_knewRenderPipelineStateWithDescriptor_completionHandler_E"
152	86	114648	6254472	"__ZN3MTL7Private8Selector58s_ksetMeshThreadgroupSizeIsMultipleOfThreadExecutionWidth_E"
153	85	14093	6153917	"__Z27MLNFeaturesFromMBGLFeaturesRKNSt3__16vectorIN4mbgl7FeatureENS_9allocatorIS2_EEEE"
154	85	34609	6174433	"__ZN3MTL7Private5Class60s_kMTL4AccelerationStructureMotionTriangleGeometryDescriptorE"
155	85	34695	6174519	"__ZN3MTL7Private5Class60s_kMTLResourceStatePassSampleBufferAttachmentDescriptorArrayE"
156	85	113696	6253520	"__ZN3MTL7Private8Selector57s_knewComputePipelineStateWithFunction_completionHandler_E"
157	85	113782	6253606	"__ZN3MTL7Private8Selector57s_ksetFragmentIntersectionFunctionTables_withBufferRange_E"
158	85	113868	6253692	"__ZN3MTL7Private8Selector57s_ksetObjectSamplerState_lodMinClamp_lodMaxClamp_atIndex_E"
159	85	113954	6253778	"__ZN3MTL7Private8Selector57s_ksetVertexSamplerState_lodMinClamp_lodMaxClamp_atIndex_E"
160	85	114040	6253864	"__ZN3MTL7Private8Selector57s_ksparseTileSizeWithTextureType_pixelFormat_sampleCount_E"
161	84	34524	6174348	"__ZN3MTL7Private5Class59s_kMTLAccelerationStructureMotionTriangleGeometryDescriptorE"
162	84	113186	6253010	"__ZN3MTL7Private8Selector56s_kconcurrentDispatchThreadgroups_threadsPerThreadgroup_E"
163	84	113271	6253095	"__ZN3MTL7Private8Selector56s_kdrawPrimitives_vertexStart_vertexCount_instanceCount_E"
164	84	113356	6253180	"__ZN3MTL7Private8Selector56s_knewFunctionWithName_constantValues_completionHandler_E"
165	84	113441	6253265	"__ZN3MTL7Private8Selector56s_kobjectThreadgroupSizeIsMultipleOfThreadExecutionWidthE"
166	84	113526	6253350	"__ZN3MTL7Private8Selector56s_kreplaceSliceOrigin_sliceDimensions_withBytes_strides_E"
167	84	113611	6253435	"__ZN3MTL7Private8Selector56s_ksetSamplerStates_lodMinClamps_lodMaxClamps_withRange_E"
168	83	112346	6252170	"__ZN3MTL7Private8Selector55s_kbuildAccelerationStructure_descriptor_scratchBuffer_E"
169	83	112430	6252254	"__ZN3MTL7Private8Selector55s_kheapAccelerationStructureSizeAndAlignWithDescriptor_E"
170	83	112514	6252338	"__ZN3MTL7Private8Selector55s_knewBufferWithBytesNoCopy_length_options_deallocator_E"
171	83	112598	6252422	"__ZN3MTL7Private8Selector55s_knewBufferWithLength_options_placementSparsePageSize_E"
172	83	112682	6252506	"__ZN3MTL7Private8Selector55s_knewMachineLearningPipelineStateWithDescriptor_error_E"
173	83	112766	6252590	"__ZN3MTL7Private8Selector55s_ksetMeshSamplerState_lodMinClamp_lodMaxClamp_atIndex_E"
174	83	112850	6252674	"__ZN3MTL7Private8Selector55s_ksetTileSamplerState_lodMinClamp_lodMaxClamp_atIndex_E"
175	83	112934	6252758	"__ZN3MTL7Private8Selector55s_ksetVertexBuffers_offsets_attributeStrides_withRange_E"
176	83	113018	6252842	"__ZN3MTL7Private8Selector55s_ksetVertexIntersectionFunctionTables_withBufferRange_E"
177	83	113102	6252926	"__ZN3MTL7Private8Selector55s_ktextureCubeDescriptorWithPixelFormat_size_mipmapped_E"
178	83	150337	6290161	"__ZNKSt3__112basic_stringIcNS_11char_traitsIcEENS_9allocatorIcEEE7compareEmmRKS5_mm"
179	82	34358	6174182	"__ZN3MTL7Private5Class57s_kMTL4AccelerationStructureBoundingBoxGeometryDescriptorE"
180	82	34441	6174265	"__ZN3MTL7Private5Class57s_kMTL4AccelerationStructureMotionCurveGeometryDescriptorE"
181	82	111682	6251506	"__ZN3MTL7Private8Selector54s_kaddMeshRenderPipelineFunctionsWithDescriptor_error_E"
182	82	111765	6251589	"__ZN3MTL7Private8Selector54s_kaddTileRenderPipelineFunctionsWithDescriptor_error_E"
183	82	111848	6251672	"__ZN3MTL7Private8Selector54s_kdrawPrimitives_indirectBuffer_indirectBufferOffset_E"
184	82	111931	6251755	"__ZN3MTL7Private8Selector54s_kmeshThreadgroupSizeIsMultipleOfThreadExecutionWidthE"
185	82	112014	6251838	"__ZN3MTL7Private8Selector54s_knewLibraryWithStitchedDescriptor_completionHandler_E"
186	82	112097	6251921	"__ZN3MTL7Private8Selector54s_krasterizationRateMapDescriptorWithScreenSize_layer_E"
187	82	112180	6252004	"__ZN3MTL7Private8Selector54s_ksetFragmentIntersectionFunctionTable_atBufferIndex_E"
188	82	112263	6252087	"__ZN3MTL7Private8Selector54s_ksetThreadGroupSizeIsMultipleOfThreadExecutionWidth_E"
189	81	34194	6174018	"__ZN3MTL7Private5Class56s_kMTLAccelerationStructureBoundingBoxGeometryDescriptorE"
190	81	34276	6174100	"__ZN3MTL7Private5Class56s_kMTLAccelerationStructureMotionCurveGeometryDescriptorE"
191	81	111354	6251178	"__ZN3MTL7Private8Selector53s_kaccelerationStructureCommandEncoderWithDescriptor_E"
192	81	111436	6251260	"__ZN3MTL7Private8Selector53s_kcopyAccelerationStructure_toAccelerationStructure_E"
193	81	111518	6251342	"__ZN3MTL7Private8Selector53s_ksetTessellationFactorBuffer_offset_instanceStride_E"
194	81	111600	6251424	"__ZN3MTL7Private8Selector53s_ksetTileIntersectionFunctionTables_withBufferRange_E"
195	81	153333	6293157	"__ZNSt3__112basic_stringIcNS_11char_traitsIcEENS_9allocatorIcEEE9__grow_byEmmmmmm"
196	80	34113	6173937	"__ZN3MTL7Private5Class55s_kMTLResourceStatePassSampleBufferAttachmentDescriptorE"
197	80	110544	6250368	"__ZN3MTL7Private8Selector52s_kgetBytes_strides_fromSliceOrigin_sliceDimensions_E"
198	80	110625	6250449	"__ZN3MTL7Private8Selector52s_kinitWithFunctionName_nodes_outputNode_attributes_E"
199	80	110706	6250530	"__ZN3MTL7Private8Selector52s_knewComputePipelineStateWithBinaryFunctions_error_E"
200	80	110787	6250611	"__ZN3MTL7Private8Selector52s_knewIntersectionFunctionTableWithDescriptor_stage_E"
201	80	110868	6250692	"__ZN3MTL7Private8Selector52s_kresetTextureAccessCounters_region_mipLevel_slice_E"
202	80	110949	6250773	"__ZN3MTL7Private8Selector52s_ksampleCountersInBuffer_atSampleIndex_withBarrier_E"
203	80	111030	6250854	"__ZN3MTL7Private8Selector52s_ksetFragmentVisibleFunctionTables_withBufferRange_E"
204	80	111111	6250935	"__ZN3MTL7Private8Selector52s_ksetStencilFrontReferenceValue_backReferenceValue_E"
205	80	111192	6251016	"__ZN3MTL7Private8Selector52s_ksetVertexIntersectionFunctionTable_atBufferIndex_E"
206	80	111273	6251097	"__ZN3MTL7Private8Selector52s_kwriteCompactedAccelerationStructureSize_toBuffer_E"
207	80	150256	6290080	"__ZNKSt3__112basic_stringIcNS_11char_traitsIcEENS_9allocatorIcEEE7compareEmmPKcm"
208	79	24714	6164538	"__ZN2NS7Private8Selector52s_kinitWithBytesNoCopy_length_encoding_freeWhenDone_E"
209	79	33793	6173617	"__ZN3MTL7Private5Class54s_kMTL4AccelerationStructureTriangleGeometryDescriptorE"
210	79	33873	6173697	"__ZN3MTL7Private5Class54s_kMTL4IndirectInstanceAccelerationStructureDescriptorE"
211	79	33953	6173777	"__ZN3MTL7Private5Class54s_kMTLComputePassSampleBufferAttachmentDescriptorArrayE"
212	79	34033	6173857	"__ZN3MTL7Private5Class54s_kMTLTileRenderPipelineColorAttachmentDescriptorArrayE"
213	79	109904	6249728	"__ZN3MTL7Private8Selector51s_kaddComputePipelineFunctionsWithDescriptor_error_E"
214	79	109984	6249808	"__ZN3MTL7Private8Selector51s_kconcurrentDispatchThreads_threadsPerThreadgroup_E"
215	79	110064	6249888	"__ZN3MTL7Private8Selector51s_kmemoryBarrierWithScope_afterStages_beforeStages_E"
216	79	110144	6249968	"__ZN3MTL7Private8Selector51s_knewRenderPipelineStateWithBinaryFunctions_error_E"
217	79	110224	6250048	"__ZN3MTL7Private8Selector51s_kreplaceRegion_mipmapLevel_withBytes_bytesPerRow_E"
218	79	110304	6250128	"__ZN3MTL7Private8Selector51s_ksetAllowDuplicateIntersectionFunctionInvocation_E"
219	79	110384	6250208	"__ZN3MTL7Private8Selector51s_ksetSamplerState_lodMinClamp_lodMaxClamp_atIndex_E"
220	79	110464	6250288	"__ZN3MTL7Private8Selector51s_kupdateTextureMapping_mode_region_mipLevel_slice_E"
221	79	150176	6290000	"__ZNKSt3__112basic_stringIcNS_11char_traitsIcEENS_9allocatorIcEEE7compareEmmPKc"
222	79	150803	6290627	"__ZNKSt3__120__codecvt_utf8_utf16IDsE6do_outER11__mbstate_tPKDsS5_RS5_PcS7_RS7_"
223	79	152642	6292466	"__ZNSt3__112basic_stringIcNS_11char_traitsIcEENS_9allocatorIcEEE6appendERKS5_mm"
224	79	153178	6293002	"__ZNSt3__112basic_stringIcNS_11char_traitsIcEENS_9allocatorIcEEE7replaceEmmPKcm"
225	79	153565	6293389	"__ZNSt3__112basic_stringIcNS_11char_traitsIcEENS_9allocatorIcEEEC2ERKS5_mmRKS4_"
226	79	154120	6293944	"__ZNSt3__113basic_istreamIcNS_11char_traitsIcEEE5seekgENS_4fposI11__mbstate_tEE"
227	79	154817	6294641	"__ZNSt3__113basic_ostreamIcNS_11char_traitsIcEEElsEPNS_15basic_streambufIcS2_EE"
228	79	157381	6297205	"__ZNSt3__14stoiERKNS_12basic_stringIcNS_11char_traitsIcEENS_9allocatorIcEEEEPmi"
229	78	33556	6173380	"__ZN3MTL7Private5Class53s_kMTLAccelerationStructureTriangleGeometryDescriptorE"
230	78	33635	6173459	"__ZN3MTL7Private5Class53s_kMTLIndirectInstanceAccelerationStructureDescriptorE"
231	78	33714	6173538	"__ZN3MTL7Private5Class53s_kMTLRenderPassSampleBufferAttachmentDescriptorArrayE"
232	78	109035	6248859	"__ZN3MTL7Private8Selector50s_kaddRenderPipelineFunctionsWithDescriptor_error_E"
233	78	109114	6248938	"__ZN3MTL7Private8Selector50s_kloadBytes_size_sourceHandle_sourceHandleOffset_E"
234	78	109193	6249017	"__ZN3MTL7Private8Selector50s_knewIOFileHandleWithURL_compressionMethod_error_E"
235	78	109272	6249096	"__ZN3MTL7Private8Selector50s_knewLibraryWithSource_options_completionHandler_E"
236	78	109351	6249175	"__ZN3MTL7Private8Selector50s_ksetFragmentAccelerationStructure_atBufferIndex_E"
237	78	109430	6249254	"__ZN3MTL7Private8Selector50s_ksetKernelBuffer_offset_attributeStride_atIndex_E"
238	78	109509	6249333	"__ZN3MTL7Private8Selector50s_ksetTileIntersectionFunctionTable_atBufferIndex_E"
239	78	109588	6249412	"__ZN3MTL7Private8Selector50s_ksetVertexBuffer_offset_attributeStride_atIndex_E"
240	78	109667	6249491	"__ZN3MTL7Private8Selector50s_ksetVertexVisibleFunctionTables_withBufferRange_E"
241	78	109746	6249570	"__ZN3MTL7Private8Selector50s_kthreadGroupSizeIsMultipleOfThreadExecutionWidthE"
242	78	109825	6249649	"__ZN3MTL7Private8Selector50s_kwriteTimestampWithGranularity_intoHeap_atIndex_E"
243	78	150724	6290548	"__ZNKSt3__120__codecvt_utf8_utf16IDsE5do_inER11__mbstate_tPKcS5_RS5_PDsS7_RS7_"
244	78	157223	6297047	"__ZNSt3__14stodERKNS_12basic_stringIcNS_11char_traitsIcEENS_9allocatorIcEEEEPm"
245	78	157302	6297126	"__ZNSt3__14stofERKNS_12basic_stringIcNS_11char_traitsIcEENS_9allocatorIcEEEEPm"
246	77	14458	6154282	"__Z31MLNGeoJSONOptionsFromDictionaryP12NSDictionaryIP8NSStringP11objc_objectE"
247	77	108489	6248313	"__ZN3MTL7Private8Selector49s_kheapAccelerationStructureSizeAndAlignWithSize_E"
248	77	108567	6248391	"__ZN3MTL7Private8Selector49s_knewAccelerationStructureWithDescriptor_offset_E"
249	77	108645	6248469	"__ZN3MTL7Private8Selector49s_ksetBuffers_offsets_attributeStrides_withRange_E"
250	77	108723	6248547	"__ZN3MTL7Private8Selector49s_ksetFragmentVisibleFunctionTable_atBufferIndex_E"
251	77	108801	6248625	"__ZN3MTL7Private8Selector49s_ksetIntersectionFunctionTables_withBufferRange_E"
252	77	108879	6248703	"__ZN3MTL7Private8Selector49s_ksetVertexBufferOffset_attributeStride_atIndex_E"
253	77	108957	6248781	"__ZN3MTL7Private8Selector49s_ksetVertexBytes_length_attributeStride_atIndex_E"
254	77	153025	6292849	"__ZNSt3__112basic_stringIcNS_11char_traitsIcEENS_9allocatorIcEEE6insertEmPKcm"
255	76	33325	6173149	"__ZN3MTL7Private5Class51s_kMTL4AccelerationStructureCurveGeometryDescriptorE"
256	76	33402	6173226	"__ZN3MTL7Private5Class51s_kMTL4RenderPipelineColorAttachmentDescriptorArrayE"
257	76	33479	6173303	"__ZN3MTL7Private5Class51s_kMTLBlitPassSampleBufferAttachmentDescriptorArrayE"
258	76	108181	6248005	"__ZN3MTL7Private8Selector48s_knewArgumentEncoderWithBufferIndex_reflection_E"
259	76	108258	6248082	"__ZN3MTL7Private8Selector48s_krasterizationRateMapDescriptorWithScreenSize_E"
260	76	108335	6248159	"__ZN3MTL7Private8Selector48s_ksetTileVisibleFunctionTables_withBufferRange_E"
261	76	108412	6248236	"__ZN3MTL7Private8Selector48s_ksetVertexAccelerationStructure_atBufferIndex_E"
262	76	126602	6266426	"__ZN3mlt8metadata6stream14StreamMetadata14decodeInternalERNS_12BufferStreamE"
263	76	152337	6292161	"__ZNSt3__112basic_stringIcNS_11char_traitsIcEENS_9allocatorIcEEE6__initEPKcm"
264	76	152565	6292389	"__ZNSt3__112basic_stringIcNS_11char_traitsIcEENS_9allocatorIcEEE6appendEPKcm"
265	76	152948	6292772	"__ZNSt3__112basic_stringIcNS_11char_traitsIcEENS_9allocatorIcEEE6insertEmPKc"
266	76	153415	6293239	"__ZNSt3__112basic_stringIcNS_11char_traitsIcEENS_9allocatorIcEEE9push_backEc"
267	75	24562	6164386	"__ZN2NS7Private8Selector48s_kperformActivityWithOptions_reason_usingBlock_E"
268	75	24638	6164462	"__ZN2NS7Private8Selector48s_kperformExpiringActivityWithReason_usingBlock_E"
269	75	33173	6172997	"__ZN3MTL7Private5Class50s_kMTLAccelerationStructureCurveGeometryDescriptorE"
270	75	33249	6173073	"__ZN3MTL7Private5Class50s_kMTLRenderPipelineColorAttachmentDescriptorArrayE"
271	75	107269	6247093	"__ZN3MTL7Private8Selector47s_kallowDuplicateIntersectionFunctionInvocationE"
272	75	107345	6247169	"__ZN3MTL7Private8Selector47s_kgetBytes_bytesPerRow_fromRegion_mipmapLevel_E"
273	75	107421	6247245	"__ZN3MTL7Private8Selector47s_kminimumLinearTextureAlignmentForPixelFormat_E"
274	75	107497	6247321	"__ZN3MTL7Private8Selector47s_kminimumTextureBufferAlignmentForPixelFormat_E"
275	75	107573	6247397	"__ZN3MTL7Private8Selector47s_knewComputePipelineStateWithDescriptor_error_E"
276	75	107649	6247473	"__ZN3MTL7Private8Selector47s_knewFunctionWithDescriptor_completionHandler_E"
277	75	107725	6247549	"__ZN3MTL7Private8Selector47s_knewIntersectionFunctionWithDescriptor_error_E"
278	75	107801	6247625	"__ZN3MTL7Private8Selector47s_knewRenderPipelineDescriptorForSpecializationE"
279	75	107877	6247701	"__ZN3MTL7Private8Selector47s_knewTextureWithDescriptor_offset_bytesPerRow_E"
280	75	107953	6247777	"__ZN3MTL7Private8Selector47s_knewVisibleFunctionTableWithDescriptor_stage_E"
281	75	108029	6247853	"__ZN3MTL7Private8Selector47s_ksetVertexVisibleFunctionTable_atBufferIndex_E"
282	75	108105	6247929	"__ZN3MTL7Private8Selector47s_kupdateTextureMappings_heap_operations_count_E"
283	75	125795	6265619	"__ZN3mlt7Decoder6decodeENSt3__117basic_string_viewIcNS1_11char_traitsIcEEEE"
284	75	149951	6289775	"__ZNKSt3__112basic_stringIcNS_11char_traitsIcEENS_9allocatorIcEEE4copyEPcmm"
285	75	152489	6292313	"__ZNSt3__112basic_stringIcNS_11char_traitsIcEENS_9allocatorIcEEE6appendEPKc"
286	75	152797	6292621	"__ZNSt3__112basic_stringIcNS_11char_traitsIcEENS_9allocatorIcEEE6assignEPKc"
287	74	33023	6172847	"__ZN3MTL7Private5Class49s_kMTLComputePassSampleBufferAttachmentDescriptorE"
288	74	33098	6172922	"__ZN3MTL7Private5Class49s_kMTLTileRenderPipelineColorAttachmentDescriptorE"
289	74	106069	6245893	"__ZN3MTL7Private8Selector46s_kdispatchThreadgroups_threadsPerThreadgroup_E"
290	74	106144	6245968	"__ZN3MTL7Private8Selector46s_kinitWithName_arguments_controlDependencies_E"
291	74	106219	6246043	"__ZN3MTL7Private8Selector46s_knewCounterSampleBufferWithDescriptor_error_E"
292	74	106294	6246118	"__ZN3MTL7Private8Selector46s_knewDynamicLibraryWithURL_completionHandler_E"
293	74	106369	6246193	"__ZN3MTL7Private8Selector46s_knewIOHandleWithURL_compressionMethod_error_E"
294	74	106444	6246268	"__ZN3MTL7Private8Selector46s_knewIntersectionFunctionTableWithDescriptor_E"
295	74	106519	6246343	"__ZN3MTL7Private8Selector46s_knewLibraryWithDescriptor_completionHandler_E"
296	74	106594	6246418	"__ZN3MTL7Private8Selector46s_knewPipelineDataSetSerializerWithDescriptor_E"
297	74	106669	6246493	"__ZN3MTL7Private8Selector46s_knewRenderPipelineStateWithDescriptor_error_E"
298	74	106744	6246568	"__ZN3MTL7Private8Selector46s_kparallelRenderCommandEncoderWithDescriptor_E"
299	74	106819	6246643	"__ZN3MTL7Private8Selector46s_krenderCommandEncoderWithDescriptor_options_E"
300	74	106894	6246718	"__ZN3MTL7Private8Selector46s_ksetArgumentBuffer_startOffset_arrayElement_E"
301	74	106969	6246793	"__ZN3MTL7Private8Selector46s_ksetIntersectionFunctionTable_atBufferIndex_E"
302	74	107044	6246868	"__ZN3MTL7Private8Selector46s_ksetTileAccelerationStructure_atBufferIndex_E"
303	74	107119	6246943	"__ZN3MTL7Private8Selector46s_ksupportsRasterizationRateMapWithLayerCount_E"
304	74	107194	6247018	"__ZN3MTL7Private8Selector46s_kupdateBufferMappings_heap_operations_count_E"
305	74	127127	6266951	"__ZNK3mlt8geometry14GeometryVector13getGeometriesERKNS0_15GeometryFactoryE"
306	74	150101	6289925	"__ZNKSt3__112basic_stringIcNS_11char_traitsIcEENS_9allocatorIcEEE5rfindEcm"
307	74	152414	6292238	"__ZNSt3__112basic_stringIcNS_11char_traitsIcEENS_9allocatorIcEEE6__initEmc"
308	74	152722	6292546	"__ZNSt3__112basic_stringIcNS_11char_traitsIcEENS_9allocatorIcEEE6appendEmc"
309	74	152873	6292697	"__ZNSt3__112basic_stringIcNS_11char_traitsIcEENS_9allocatorIcEEE6assignEmc"
310	74	153103	6292927	"__ZNSt3__112basic_stringIcNS_11char_traitsIcEENS_9allocatorIcEEE6resizeEmc"
311	74	153258	6293082	"__ZNSt3__112basic_stringIcNS_11char_traitsIcEENS_9allocatorIcEEE7reserveEm"
312	73	32949	6172773	"__ZN3MTL7Private5Class48s_kMTLRenderPassSampleBufferAttachmentDescriptorE"
313	73	105773	6245597	"__ZN3MTL7Private8Selector45s_knewComputePipelineStateWithFunction_error_E"
314	73	105847	6245671	"__ZN3MTL7Private8Selector45s_kresourceStateCommandEncoderWithDescriptor_E"
315	73	105921	6245745	"__ZN3MTL7Private8Selector45s_ksetThreadgroupMemoryLength_offset_atIndex_E"
316	73	105995	6245819	"__ZN3MTL7Private8Selector45s_ksetTileVisibleFunctionTable_atBufferIndex_E"
317	73	127202	6267026	"__ZNK3mlt8geometry14GeometryVector14applyTrianglesERNS0_8GeometryERjS4_jb"
318	73	150027	6289851	"__ZNKSt3__112basic_stringIcNS_11char_traitsIcEENS_9allocatorIcEEE4findEcm"
319	73	150484	6290308	"__ZNKSt3__120__codecvt_utf8_utf16IDsE10do_unshiftER11__mbstate_tPcS4_RS4_"
320	73	152263	6292087	"__ZNSt3__112basic_stringIcNS_11char_traitsIcEENS_9allocatorIcEEE5eraseEmm"
321	72	24489	6164313	"__ZN2NS7Private8Selector45s_kcountByEnumeratingWithState_objects_count_E"
322	72	32876	6172700	"__ZN3MTL7Private5Class47s_kMTL4PrimitiveAccelerationStructureDescriptorE"
323	72	104970	6244794	"__ZN3MTL7Private8Selector44s_kaccelerationStructureSizesWithDescriptor_E"
324	72	105043	6244867	"__ZN3MTL7Private8Selector44s_kheapBufferSizeAndAlignWithLength_options_E"
325	72	105116	6244940	"__ZN3MTL7Private8Selector44s_knewCommandQueueWithMaxCommandBufferCount_E"
326	72	105189	6245013	"__ZN3MTL7Private8Selector44s_knewFunctionWithName_constantValues_error_E"
327	72	105262	6245086	"__ZN3MTL7Private8Selector44s_knewTextureWithDescriptor_iosurface_plane_E"
328	72	105335	6245159	"__ZN3MTL7Private8Selector44s_koptimizeContentsForCPUAccess_slice_level_E"
329	72	105408	6245232	"__ZN3MTL7Private8Selector44s_koptimizeContentsForGPUAccess_slice_level_E"
330	72	105481	6245305	"__ZN3MTL7Private8Selector44s_ksetBuffer_offset_attributeStride_atIndex_E"
331	72	105554	6245378	"__ZN3MTL7Private8Selector44s_ksetObjectThreadgroupMemoryLength_atIndex_E"
332	72	105627	6245451	"__ZN3MTL7Private8Selector44s_ksetVertexAmplificationCount_viewMappings_E"
333	72	105700	6245524	"__ZN3MTL7Private8Selector44s_ksetVisibleFunctionTables_withBufferRange_E"
334	72	126381	6266205	"__ZN3mlt7decoder14IntegerDecoder14decodeFastPforERNS_12BufferStreamEPjmm"
335	72	153492	6293316	"__ZNSt3__112basic_stringIcNS_11char_traitsIcEENS_9allocatorIcEEEC2ERKS5_"
336	72	153783	6293607	"__ZNSt3__112basic_stringIcNS_11char_traitsIcEENS_9allocatorIcEEEaSERKS5_"
337	72	156302	6296126	"__ZNSt3__117__assoc_sub_state10__sub_waitERNS_11unique_lockINS_5mutexEEE"
338	71	32372	6172196	"__ZN3MTL7Private5Class46s_kMTL4AccelerationStructureGeometryDescriptorE"
339	71	32444	6172268	"__ZN3MTL7Private5Class46s_kMTL4InstanceAccelerationStructureDescriptorE"
340	71	32516	6172340	"__ZN3MTL7Private5Class46s_kMTL4RenderPipelineBinaryFunctionsDescriptorE"
341	71	32588	6172412	"__ZN3MTL7Private5Class46s_kMTL4RenderPipelineColorAttachmentDescriptorE"
342	71	32660	6172484	"__ZN3MTL7Private5Class46s_kMTLBlitPassSampleBufferAttachmentDescriptorE"
343	71	32732	6172556	"__ZN3MTL7Private5Class46s_kMTLPrimitiveAccelerationStructureDescriptorE"
344	71	32804	6172628	"__ZN3MTL7Private5Class46s_kMTLRenderPassColorAttachmentDescriptorArrayE"
345	71	103962	6243786	"__ZN3MTL7Private8Selector43s_kaddFunctionWithDescriptor_library_error_E"
346	71	104034	6243858	"__ZN3MTL7Private8Selector43s_kbeginCommandBufferWithAllocator_options_E"
347	71	104106	6243930	"__ZN3MTL7Private8Selector43s_kinitWithSampleCount_horizontal_vertical_E"
348	71	104178	6244002	"__ZN3MTL7Private8Selector43s_kmapPhysicalToScreenCoordinates_forLayer_E"
349	71	104250	6244074	"__ZN3MTL7Private8Selector43s_kmapScreenToPhysicalCoordinates_forLayer_E"
350	71	104322	6244146	"__ZN3MTL7Private8Selector43s_knewAccelerationStructureWithSize_offset_E"
351	71	104394	6244218	"__ZN3MTL7Private8Selector43s_knewCommandAllocatorWithDescriptor_error_E"
352	71	104466	6244290	"__ZN3MTL7Private8Selector43s_knewMTL4CommandQueueWithDescriptor_error_E"
353	71	104538	6244362	"__ZN3MTL7Private8Selector43s_koptimizeIndirectCommandBuffer_withRange_E"
354	71	104610	6244434	"__ZN3MTL7Private8Selector43s_ksetBufferOffset_attributeStride_atIndex_E"
355	71	104682	6244506	"__ZN3MTL7Private8Selector43s_ksetBytes_length_attributeStride_atIndex_E"
356	71	104754	6244578	"__ZN3MTL7Private8Selector43s_ksetIntersectionFunctionTables_withRange_E"
357	71	104826	6244650	"__ZN3MTL7Private8Selector43s_ksetMaxCompatiblePlacementSparsePageSize_E"
358	71	104898	6244722	"__ZN3MTL7Private8Selector43s_ksetSupportAddingFragmentBinaryFunctions_E"
359	70	32088	6171912	"__ZN3MTL7Private5Class45s_kMTL4RenderPipelineDynamicLinkingDescriptorE"
360	70	32159	6171983	"__ZN3MTL7Private5Class45s_kMTLAccelerationStructureGeometryDescriptorE"
361	70	32230	6172054	"__ZN3MTL7Private5Class45s_kMTLInstanceAccelerationStructureDescriptorE"
362	70	32301	6172125	"__ZN3MTL7Private5Class45s_kMTLRenderPipelineColorAttachmentDescriptorE"
363	70	102968	6242792	"__ZN3MTL7Private8Selector42s_kareProgrammableSamplePositionsSupportedE"
364	70	103039	6242863	"__ZN3MTL7Private8Selector42s_kdrawPrimitives_vertexStart_vertexCount_E"
365	70	103110	6242934	"__ZN3MTL7Private8Selector42s_kexecuteCommandsInBuffer_indirectBuffer_E"
366	70	103181	6243005	"__ZN3MTL7Private8Selector42s_kfunctionHandleWithBinaryFunction_stage_E"
367	70	103252	6243076	"__ZN3MTL7Private8Selector42s_knewAccelerationStructureWithDescriptor_E"
368	70	103323	6243147	"__ZN3MTL7Private8Selector42s_knewLibraryWithStitchedDescriptor_error_E"
369	70	103394	6243218	"__ZN3MTL7Private8Selector42s_knewTextureViewPoolWithDescriptor_error_E"
370	70	103465	6243289	"__ZN3MTL7Private8Selector42s_ksetAccelerationStructure_atBufferIndex_E"
371	70	103536	6243360	"__ZN3MTL7Private8Selector42s_ksetMaxKernelThreadgroupMemoryBindCount_E"
372	70	103607	6243431	"__ZN3MTL7Private8Selector42s_ksetMaxObjectThreadgroupMemoryBindCount_E"
373	70	103678	6243502	"__ZN3MTL7Private8Selector42s_ksetMaxTotalThreadsPerObjectThreadgroup_E"
374	70	103749	6243573	"__ZN3MTL7Private8Selector42s_ksetRequiredThreadsPerObjectThreadgroup_E"
375	70	103820	6243644	"__ZN3MTL7Private8Selector42s_ksetShouldMaximizeConcurrentCompilation_E"
376	70	103891	6243715	"__ZN3MTL7Private8Selector42s_ksparseTileSizeInBytesForSparsePageSize_E"
377	70	155616	6295440	"__ZNSt3__115basic_streambufIcNS_11char_traitsIcEEE5imbueERKNS_6localeE"
378	69	31948	6171772	"__ZN3MTL7Private5Class44s_kMTL4PipelineStageDynamicLinkingDescriptorE"
379	69	32018	6171842	"__ZN3MTL7Private5Class44s_kMTLFunctionStitchingAttributeAlwaysInlineE"
380	69	38962	6178786	"__ZN3MTL7Private8Protocol41s_kMTLAccelerationStructureCommandEncoderE"
381	69	102198	6242022	"__ZN3MTL7Private8Selector41s_kcomputeCommandEncoderWithDispatchType_E"
382	69	102268	6242092	"__ZN3MTL7Private8Selector41s_kdispatchThreads_threadsPerThreadgroup_E"
383	69	102338	6242162	"__ZN3MTL7Private8Selector41s_kheapTextureSizeAndAlignWithDescriptor_E"
384	69	102408	6242232	"__ZN3MTL7Private8Selector41s_knewBinaryFunctionWithDescriptor_error_E"
385	69	102478	6242302	"__ZN3MTL7Private8Selector41s_knewIOCommandQueueWithDescriptor_error_E"
386	69	102548	6242372	"__ZN3MTL7Private8Selector41s_knewRasterizationRateMapWithDescriptor_E"
387	69	102618	6242442	"__ZN3MTL7Private8Selector41s_knewVisibleFunctionTableWithDescriptor_E"
388	69	102688	6242512	"__ZN3MTL7Private8Selector41s_kserializeAsArchiveAndFlushToURL_error_E"
389	69	102758	6242582	"__ZN3MTL7Private8Selector41s_ksetInstanceTransformationMatrixLayout_E"
390	69	102828	6242652	"__ZN3MTL7Private8Selector41s_ksetSupportAddingVertexBinaryFunctions_E"
391	69	102898	6242722	"__ZN3MTL7Private8Selector41s_ksetVisibleFunctionTable_atBufferIndex_E"
392	69	150883	6290707	"__ZNKSt3__120__codecvt_utf8_utf16IDsE9do_lengthER11__mbstate_tPKcS5_m"
393	69	152193	6292017	"__ZNSt3__112basic_stringIcNS_11char_traitsIcEENS_9allocatorIcEEE2atEm"
394	68	24420	6164244	"__ZN2NS7Private8Selector41s_ksetAutomaticTerminationSupportEnabled_E"
395	68	31879	6171703	"__ZN3MTL7Private5Class43s_kMTLRenderPassStencilAttachmentDescriptorE"
396	68	101094	6240918	"__ZN3MTL7Private8Selector40s_kbarrierAfterQueueStages_beforeStages_E"
397	68	101163	6240987	"__ZN3MTL7Private8Selector40s_kcommandBufferWithUnretainedReferencesE"
398	68	101232	6241056	"__ZN3MTL7Private8Selector40s_kdispatchNetworkWithIntermediatesHeap_E"
399	68	101301	6241125	"__ZN3MTL7Private8Selector40s_kisDepth24Stencil8PixelFormatSupportedE"
400	68	101370	6241194	"__ZN3MTL7Private8Selector40s_kmaximumConcurrentCompilationTaskCountE"
401	68	101439	6241263	"__ZN3MTL7Private8Selector40s_knewArgumentTableWithDescriptor_error_E"
402	68	101508	6241332	"__ZN3MTL7Private8Selector40s_knewBinaryArchiveWithDescriptor_error_E"
403	68	101577	6241401	"__ZN3MTL7Private8Selector40s_knewTensorWithDescriptor_offset_error_E"
404	68	101646	6241470	"__ZN3MTL7Private8Selector40s_kpresentDrawable_afterMinimumDuration_E"
405	68	101715	6241539	"__ZN3MTL7Private8Selector40s_ksetFragmentAdditionalBinaryFunctions_E"
406	68	101784	6241608	"__ZN3MTL7Private8Selector40s_ksetFragmentBuffers_offsets_withRange_E"
407	68	101853	6241677	"__ZN3MTL7Private8Selector40s_ksetIntersectionFunctionTable_atIndex_E"
408	68	101922	6241746	"__ZN3MTL7Private8Selector40s_ksetMachineLearningFunctionDescriptor_E"
409	68	101991	6241815	"__ZN3MTL7Private8Selector40s_ksetMaxTotalThreadsPerMeshThreadgroup_E"
410	68	102060	6241884	"__ZN3MTL7Private8Selector40s_ksetRequiredThreadsPerMeshThreadgroup_E"
411	68	102129	6241953	"__ZN3MTL7Private8Selector40s_ksetTessellationControlPointIndexType_E"
412	68	153645	6293469	"__ZNSt3__112basic_stringIcNS_11char_traitsIcEENS_9allocatorIcEEED1Ev"
413	68	153714	6293538	"__ZNSt3__112basic_stringIcNS_11char_traitsIcEENS_9allocatorIcEEED2Ev"
414	67	31811	6171635	"__ZN3MTL7Private5Class42s_kMTL4PipelineDataSetSerializerDescriptorE"
415	67	100142	6239966	"__ZN3MTL7Private8Selector39s_kcomputeCommandEncoderWithDescriptor_E"
416	67	100210	6240034	"__ZN3MTL7Private8Selector39s_kimageblockMemoryLengthForDimensions_E"
417	67	100278	6240102	"__ZN3MTL7Private8Selector39s_kmaxCompatiblePlacementSparsePageSizeE"
418	67	100346	6240170	"__ZN3MTL7Private8Selector39s_knewArgumentEncoderWithBufferBinding_E"
419	67	100414	6240238	"__ZN3MTL7Private8Selector39s_knewCaptureScopeWithMTL4CommandQueue_E"
420	67	100482	6240306	"__ZN3MTL7Private8Selector39s_knewDynamicLibrary_completionHandler_E"
421	67	100550	6240374	"__ZN3MTL7Private8Selector39s_knewResidencySetWithDescriptor_error_E"
422	67	100618	6240442	"__ZN3MTL7Private8Selector39s_kserializeAsPipelinesScriptWithError_E"
423	67	100686	6240510	"__ZN3MTL7Private8Selector39s_ksetAllowReferencingUndefinedSymbols_E"
424	67	100754	6240578	"__ZN3MTL7Private8Selector39s_ksetIndirectCommandBuffers_withRange_E"
425	67	100822	6240646	"__ZN3MTL7Private8Selector39s_ksetMotionTransformCountBufferOffset_E"
426	67	100890	6240714	"__ZN3MTL7Private8Selector39s_ksetTransformationMatrixBufferOffset_E"
427	67	100958	6240782	"__ZN3MTL7Private8Selector39s_ksupportAddingFragmentBinaryFunctionsE"
428	67	101026	6240850	"__ZN3MTL7Private8Selector39s_ksupportsShaderBarycentricCoordinatesE"
429	67	126679	6266503	"__ZN3mlt8metadata6stream14StreamMetadata6decodeERNS_12BufferStreamE"
430	66	24353	6164177	"__ZN2NS7Private8Selector39s_kdictionaryWithObjects_forKeys_count_E"
431	66	25802	6165626	"__ZN3MTL26IOCreateCompressionContextEPKcNS_19IOCompressionMethodEm"
432	66	31476	6171300	"__ZN3MTL7Private5Class41s_kMTLAccelerationStructurePassDescriptorE"
433	66	31543	6171367	"__ZN3MTL7Private5Class41s_kMTLIntersectionFunctionTableDescriptorE"
434	66	31610	6171434	"__ZN3MTL7Private5Class41s_kMTLLogicalToPhysicalColorAttachmentMapE"
435	66	31677	6171501	"__ZN3MTL7Private5Class41s_kMTLRenderPassColorAttachmentDescriptorE"
436	66	31744	6171568	"__ZN3MTL7Private5Class41s_kMTLRenderPassDepthAttachmentDescriptorE"
437	66	98266	6238090	"__ZN3MTL7Private8Selector38s_kaccelerationStructureCommandEncoderE"
438	66	98333	6238157	"__ZN3MTL7Private8Selector38s_kaccelerationStructurePassDescriptorE"
439	66	98400	6238224	"__ZN3MTL7Private8Selector38s_kintersectionFunctionTableDescriptorE"
440	66	98467	6238291	"__ZN3MTL7Private8Selector38s_kmaxKernelThreadgroupMemoryBindCountE"
441	66	98534	6238358	"__ZN3MTL7Private8Selector38s_kmaxObjectThreadgroupMemoryBindCountE"
442	66	98601	6238425	"__ZN3MTL7Private8Selector38s_kmaxTotalThreadsPerObjectThreadgroupE"
443	66	98668	6238492	"__ZN3MTL7Private8Selector38s_knewArgumentEncoderForBufferAtIndex_E"
444	66	98735	6238559	"__ZN3MTL7Private8Selector38s_knewBufferWithLength_options_offset_E"
445	66	98802	6238626	"__ZN3MTL7Private8Selector38s_knewCounterHeapWithDescriptor_error_E"
446	66	98869	6238693	"__ZN3MTL7Private8Selector38s_knewDepthStencilStateWithDescriptor_E"
447	66	98936	6238760	"__ZN3MTL7Private8Selector38s_knewLibraryWithSource_options_error_E"
448	66	99003	6238827	"__ZN3MTL7Private8Selector38s_krenderCommandEncoderWithDescriptor_E"
449	66	99070	6238894	"__ZN3MTL7Private8Selector38s_krequiredThreadsPerObjectThreadgroupE"
450	66	99137	6238961	"__ZN3MTL7Private8Selector38s_ksetAddress_attributeStride_atIndex_E"
451	66	99204	6239028	"__ZN3MTL7Private8Selector38s_ksetColorStoreActionOptions_atIndex_E"
452	66	99271	6239095	"__ZN3MTL7Private8Selector38s_ksetComputePipelineStates_withRange_E"
453	66	99338	6239162	"__ZN3MTL7Private8Selector38s_ksetFragmentSamplerStates_withRange_E"
454	66	99405	6239229	"__ZN3MTL7Private8Selector38s_ksetFragmentStaticLinkingDescriptor_E"
455	66	99472	6239296	"__ZN3MTL7Private8Selector38s_ksetInstancedAccelerationStructures_E"
456	66	99539	6239363	"__ZN3MTL7Private8Selector38s_ksetIntersectionFunctionTableOffset_E"
457	66	99606	6239430	"__ZN3MTL7Private8Selector38s_ksetMaxTotalThreadgroupsPerMeshGrid_E"
458	66	99673	6239497	"__ZN3MTL7Private8Selector38s_ksetObjectAdditionalBinaryFunctions_E"
459	66	99740	6239564	"__ZN3MTL7Private8Selector38s_ksetObjectBuffers_offsets_withRange_E"
460	66	99807	6239631	"__ZN3MTL7Private8Selector38s_ksetThreadgroupMemoryLength_atIndex_E"
461	66	99874	6239698	"__ZN3MTL7Private8Selector38s_ksetVertexAdditionalBinaryFunctions_E"
462	66	99941	6239765	"__ZN3MTL7Private8Selector38s_ksetVertexBuffers_offsets_withRange_E"
463	66	100008	6239832	"__ZN3MTL7Private8Selector38s_ksetVisibleFunctionTables_withRange_E"
464	66	100075	6239899	"__ZN3MTL7Private8Selector38s_kshouldMaximizeConcurrentCompilationE"
465	66	125685	6265509	"__ZN3mlt7Decoder4Impl23parseBasicMVTEquivalentERNS_12BufferStreamE"
466	66	156607	6296431	"__ZNSt3__118condition_variable4waitERNS_11unique_lockINS_5mutexEEE"
467	65	24287	6164111	"__ZN2NS7Private8Selector38s_kaddObserverName_object_queue_block_E"
468	65	31344	6171168	"__ZN3MTL7Private5Class40s_kMTL4MachineLearningPipelineDescriptorE"
469	65	31410	6171234	"__ZN3MTL7Private5Class40s_kMTL4MachineLearningPipelineReflectionE"
470	65	97210	6237034	"__ZN3MTL7Private8Selector37s_kdispatchThreadsWithIndirectBuffer_E"
471	65	97276	6237100	"__ZN3MTL7Private8Selector37s_kexecuteCommandsInBuffer_withRange_E"
472	65	97342	6237166	"__ZN3MTL7Private8Selector37s_kinstanceTransformationMatrixLayoutE"
473	65	97408	6237232	"__ZN3MTL7Private8Selector37s_knewArgumentEncoderWithBufferIndex_E"
474	65	97474	6237298	"__ZN3MTL7Private8Selector37s_knewBufferWithBytes_length_options_E"
475	65	97540	6237364	"__ZN3MTL7Private8Selector37s_knewDefaultLibraryWithBundle_error_E"
476	65	97606	6237430	"__ZN3MTL7Private8Selector37s_ksetBlendColorRed_green_blue_alpha_E"
477	65	97672	6237496	"__ZN3MTL7Private8Selector37s_ksetInstanceDescriptorBufferOffset_E"
478	65	97738	6237562	"__ZN3MTL7Private8Selector37s_ksetRenderPipelineStates_withRange_E"
479	65	97804	6237628	"__ZN3MTL7Private8Selector37s_ksetTessellationFactorScaleEnabled_E"
480	65	97870	6237694	"__ZN3MTL7Private8Selector37s_ksetTessellationFactorStepFunction_E"
481	65	97936	6237760	"__ZN3MTL7Private8Selector37s_ksetTessellationOutputWindingOrder_E"
482	65	98002	6237826	"__ZN3MTL7Private8Selector37s_ksetTextureView_descriptor_atIndex_E"
483	65	98068	6237892	"__ZN3MTL7Private8Selector37s_ksetThreadgroupSizeMatchesTileSize_E"
484	65	98134	6237958	"__ZN3MTL7Private8Selector37s_ksupportAddingVertexBinaryFunctionsE"
485	65	98200	6238024	"__ZN3MTL7Private8Selector37s_ksupportsFunctionPointersFromRenderE"
486	65	126747	6266571	"__ZN3mlt8metadata7tileset18decodeFeatureTableERNS_12BufferStreamE"
487	64	24092	6163916	"__ZN2NS7Private8Selector37s_kautomaticTerminationSupportEnabledE"
488	64	24157	6163981	"__ZN2NS7Private8Selector37s_klocalizedStringForKey_value_table_E"
489	64	24222	6164046	"__ZN2NS7Private8Selector37s_kmaximumLengthOfBytesUsingEncoding_E"
490	64	31214	6171038	"__ZN3MTL7Private5Class39s_kMTLRenderPipelineFunctionsDescriptorE"
491	64	31279	6171103	"__ZN3MTL7Private5Class39s_kMTLVertexBufferLayoutDescriptorArrayE"
492	64	38897	6178721	"__ZN3MTL7Private8Protocol36s_kMTL4MachineLearningCommandEncoderE"
493	64	94870	6234694	"__ZN3MTL7Private8Selector36s_kblitCommandEncoderWithDescriptor_E"
494	64	94935	6234759	"__ZN3MTL7Private8Selector36s_kcopyParameterDataToBuffer_offset_E"
495	64	95000	6234824	"__ZN3MTL7Private8Selector36s_kfragmentAdditionalBinaryFunctionsE"
496	64	95065	6234889	"__ZN3MTL7Private8Selector36s_kfunctionHandleWithBinaryFunction_E"
497	64	95130	6234954	"__ZN3MTL7Private8Selector36s_kfunctionHandleWithFunction_stage_E"
498	64	95195	6235019	"__ZN3MTL7Private8Selector36s_kmachineLearningFunctionDescriptorE"
499	64	95260	6235084	"__ZN3MTL7Private8Selector36s_kmaxTotalThreadsPerMeshThreadgroupE"
500	64	95325	6235149	"__ZN3MTL7Private8Selector36s_kmemoryBarrierWithResources_count_E"
501	64	95390	6235214	"__ZN3MTL7Private8Selector36s_knewAccelerationStructureWithSize_E"
502	64	95455	6235279	"__ZN3MTL7Private8Selector36s_krequiredThreadsPerMeshThreadgroupE"
503	64	95520	6235344	"__ZN3MTL7Private8Selector36s_krequiredThreadsPerTileThreadgroupE"
504	64	95585	6235409	"__ZN3MTL7Private8Selector36s_ksetAccelerationStructure_atIndex_E"
505	64	95650	6235474	"__ZN3MTL7Private8Selector36s_ksetConstantValues_type_withRange_E"
506	64	95715	6235539	"__ZN3MTL7Private8Selector36s_ksetFragmentBuffer_offset_atIndex_E"
507	64	95780	6235604	"__ZN3MTL7Private8Selector36s_ksetIndirectCommandBuffer_atIndex_E"
508	64	95845	6235669	"__ZN3MTL7Private8Selector36s_ksetInputDimensions_atBufferIndex_E"
509	64	95910	6235734	"__ZN3MTL7Private8Selector36s_ksetMaxTotalThreadsPerThreadgroup_E"
510	64	95975	6235799	"__ZN3MTL7Private8Selector36s_ksetMeshAdditionalBinaryFunctions_E"
511	64	96040	6235864	"__ZN3MTL7Private8Selector36s_ksetMeshBuffers_offsets_withRange_E"
512	64	96105	6235929	"__ZN3MTL7Private8Selector36s_ksetObjectSamplerStates_withRange_E"
513	64	96170	6235994	"__ZN3MTL7Private8Selector36s_ksetObjectStaticLinkingDescriptor_E"
514	64	96235	6236059	"__ZN3MTL7Private8Selector36s_ksetPhysicalIndex_forLogicalIndex_E"
515	64	96300	6236124	"__ZN3MTL7Private8Selector36s_ksetRequiredThreadsPerThreadgroup_E"
516	64	96365	6236189	"__ZN3MTL7Private8Selector36s_ksetSupportColorAttachmentMapping_E"
517	64	96430	6236254	"__ZN3MTL7Private8Selector36s_ksetSupportDynamicAttributeStride_E"
518	64	96495	6236319	"__ZN3MTL7Private8Selector36s_ksetSupportIndirectCommandBuffers_E"
519	64	96560	6236384	"__ZN3MTL7Private8Selector36s_ksetTileAdditionalBinaryFunctions_E"
520	64	96625	6236449	"__ZN3MTL7Private8Selector36s_ksetTileBuffers_offsets_withRange_E"
521	64	96690	6236514	"__ZN3MTL7Private8Selector36s_ksetVertexSamplerStates_withRange_E"
522	64	96755	6236579	"__ZN3MTL7Private8Selector36s_ksetVertexStaticLinkingDescriptor_E"
523	64	96820	6236644	"__ZN3MTL7Private8Selector36s_kstartCaptureWithDescriptor_error_E"
524	64	96885	6236709	"__ZN3MTL7Private8Selector36s_ksupportsVertexAmplificationCount_E"
525	64	96950	6236774	"__ZN3MTL7Private8Selector36s_ktensorSizeAndAlignWithDescriptor_E"
526	64	97015	6236839	"__ZN3MTL7Private8Selector36s_ktessellationControlPointIndexTypeE"
527	64	97080	6236904	"__ZN3MTL7Private8Selector36s_kwaitForFence_beforeEncoderStages_E"
528	64	97145	6236969	"__ZN3MTL7Private8Selector36s_kwaitUntilSignaledValue_timeoutMS_E"
529	63	31086	6170910	"__ZN3MTL7Private5Class38s_kMTL4AccelerationStructureDescriptorE"
530	63	31150	6170974	"__ZN3MTL7Private5Class38s_kMTLRasterizationRateLayerDescriptorE"
531	63	38833	6178657	"__ZN3MTL7Private8Protocol35s_kMTL4MachineLearningPipelineStateE"
532	63	93270	6233094	"__ZN3MTL7Private8Selector35s_kallowReferencingUndefinedSymbolsE"
533	63	93334	6233158	"__ZN3MTL7Private8Selector35s_kbeginCommandBufferWithAllocator_E"
534	63	93398	6233222	"__ZN3MTL7Private8Selector35s_kgetDefaultSamplePositions_count_E"
535	63	93462	6233286	"__ZN3MTL7Private8Selector35s_kgetPhysicalIndexForLogicalIndex_E"
536	63	93526	6233350	"__ZN3MTL7Private8Selector35s_kisTessellationFactorScaleEnabledE"
537	63	93590	6233414	"__ZN3MTL7Private8Selector35s_kmotionTransformCountBufferOffsetE"
538	63	93654	6233478	"__ZN3MTL7Private8Selector35s_knewArgumentEncoderWithArguments_E"
539	63	93718	6233542	"__ZN3MTL7Private8Selector35s_knewCaptureScopeWithCommandQueue_E"
540	63	93782	6233606	"__ZN3MTL7Private8Selector35s_knewCompilerWithDescriptor_error_E"
541	63	93846	6233670	"__ZN3MTL7Private8Selector35s_knewFunctionWithDescriptor_error_E"
542	63	93910	6233734	"__ZN3MTL7Private8Selector35s_knewLogStateWithDescriptor_error_E"
543	63	93974	6233798	"__ZN3MTL7Private8Selector35s_knewScratchBufferWithMinimumSize_E"
544	63	94038	6233862	"__ZN3MTL7Private8Selector35s_knewTextureWithDescriptor_offset_E"
545	63	94102	6233926	"__ZN3MTL7Private8Selector35s_kresetCommandsInBuffer_withRange_E"
546	63	94166	6233990	"__ZN3MTL7Private8Selector35s_ksetComputePipelineState_atIndex_E"
547	63	94230	6234054	"__ZN3MTL7Private8Selector35s_ksetDepthStencilStates_withRange_E"
548	63	94294	6234118	"__ZN3MTL7Private8Selector35s_ksetFragmentBufferOffset_atIndex_E"
549	63	94358	6234182	"__ZN3MTL7Private8Selector35s_ksetFragmentBytes_length_atIndex_E"
550	63	94422	6234246	"__ZN3MTL7Private8Selector35s_ksetFragmentSamplerState_atIndex_E"
551	63	94486	6234310	"__ZN3MTL7Private8Selector35s_ksetStencilAttachmentPixelFormat_E"
552	63	94550	6234374	"__ZN3MTL7Private8Selector35s_ksetSupportAddingBinaryFunctions_E"
553	63	94614	6234438	"__ZN3MTL7Private8Selector35s_ksetSupportFragmentBinaryLinking_E"
554	63	94678	6234502	"__ZN3MTL7Private8Selector35s_ksetVisibleFunctionTable_atIndex_E"
555	63	94742	6234566	"__ZN3MTL7Private8Selector35s_ktransformationMatrixBufferOffsetE"
556	63	94806	6234630	"__ZN3MTL7Private8Selector35s_kuseResources_count_usage_stages_E"
557	63	150953	6290777	"__ZNKSt3__123__match_any_but_newlineIcE6__execERNS_7__stateIcEE"
558	63	154200	6294024	"__ZNSt3__113basic_istreamIcNS_11char_traitsIcEEE6sentryC1ERS3_b"
559	62	23966	6163790	"__ZN2NS7Private8Selector35s_kbeginActivityWithOptions_reason_E"
560	62	24029	6163853	"__ZN2NS7Private8Selector35s_kisOperatingSystemAtLeastVersion_E"
561	62	30960	6170784	"__ZN3MTL7Private5Class37s_kMTLAccelerationStructureDescriptorE"
562	62	31023	6170847	"__ZN3MTL7Private5Class37s_kMTLIndirectCommandBufferDescriptorE"
563	62	38770	6178594	"__ZN3MTL7Private8Protocol34s_kMTLParallelRenderCommandEncoderE"
564	62	91632	6231456	"__ZN3MTL7Private8Selector34s_kaddLibraryWithDescriptor_error_E"
565	62	91695	6231519	"__ZN3MTL7Private8Selector34s_kfragmentStaticLinkingDescriptorE"
566	62	91758	6231582	"__ZN3MTL7Private8Selector34s_kinstancedAccelerationStructuresE"
567	62	91821	6231645	"__ZN3MTL7Private8Selector34s_kintersectionFunctionTableOffsetE"
568	62	91884	6231708	"__ZN3MTL7Private8Selector34s_kmaxTotalThreadgroupsPerMeshGridE"
569	62	91947	6231771	"__ZN3MTL7Private8Selector34s_knewDynamicLibraryWithURL_error_E"
570	62	92010	6231834	"__ZN3MTL7Private8Selector34s_knewLibraryWithDescriptor_error_E"
571	62	92073	6231897	"__ZN3MTL7Private8Selector34s_knewSharedTextureWithDescriptor_E"
572	62	92136	6231960	"__ZN3MTL7Private8Selector34s_kobjectAdditionalBinaryFunctionsE"
573	62	92199	6232023	"__ZN3MTL7Private8Selector34s_ksetColorAttachmentMappingState_E"
574	62	92262	6232086	"__ZN3MTL7Private8Selector34s_ksetConstantValue_type_withName_E"
575	62	92325	6232149	"__ZN3MTL7Private8Selector34s_ksetDestinationAlphaBlendFactor_E"
576	62	92388	6232212	"__ZN3MTL7Private8Selector34s_ksetKernelBuffer_offset_atIndex_E"
577	62	92451	6232275	"__ZN3MTL7Private8Selector34s_ksetMaxVertexAmplificationCount_E"
578	62	92514	6232338	"__ZN3MTL7Private8Selector34s_ksetMeshSamplerStates_withRange_E"
579	62	92577	6232401	"__ZN3MTL7Private8Selector34s_ksetMeshStaticLinkingDescriptor_E"
580	62	92640	6232464	"__ZN3MTL7Private8Selector34s_ksetMotionTransformBufferOffset_E"
581	62	92703	6232527	"__ZN3MTL7Private8Selector34s_ksetObjectBuffer_offset_atIndex_E"
582	62	92766	6232590	"__ZN3MTL7Private8Selector34s_ksetRenderPipelineState_atIndex_E"
583	62	92829	6232653	"__ZN3MTL7Private8Selector34s_ksetTileSamplerStates_withRange_E"
584	62	92892	6232716	"__ZN3MTL7Private8Selector34s_ksetVertexBuffer_offset_atIndex_E"
585	62	92955	6232779	"__ZN3MTL7Private8Selector34s_ksetVisibilityResultMode_offset_E"
586	62	93018	6232842	"__ZN3MTL7Private8Selector34s_ksynchronizeTexture_slice_level_E"
587	62	93081	6232905	"__ZN3MTL7Private8Selector34s_kupdateFence_afterEncoderStages_E"
588	62	93144	6232968	"__ZN3MTL7Private8Selector34s_kvertexAdditionalBinaryFunctionsE"
589	62	93207	6233031	"__ZN3MTL7Private8Selector34s_kwriteTimestampIntoHeap_atIndex_E"
590	62	150421	6290245	"__ZNKSt3__119__shared_weak_count13__get_deleterERKSt9type_info"
591	62	154535	6294359	"__ZNSt3__113basic_ostreamIcNS_11char_traitsIcEEE6sentryC1ERS3_"
592	62	155870	6295694	"__ZNSt3__115basic_streambufIcNS_11char_traitsIcEEE6xsputnEPKcl"
593	62	155933	6295757	"__ZNSt3__115basic_streambufIcNS_11char_traitsIcEEE9showmanycEv"
594	62	156375	6296199	"__ZNSt3__117__assoc_sub_state13set_exceptionESt13exception_ptr"
595	61	30588	6170412	"__ZN3MTL7Private5Class36s_kMTL4SpecializedFunctionDescriptorE"
596	61	30650	6170474	"__ZN3MTL7Private5Class36s_kMTLIntersectionFunctionDescriptorE"
597	61	30712	6170536	"__ZN3MTL7Private5Class36s_kMTLRasterizationRateMapDescriptorE"
598	61	30774	6170598	"__ZN3MTL7Private5Class36s_kMTLRenderPassAttachmentDescriptorE"
599	61	30836	6170660	"__ZN3MTL7Private5Class36s_kMTLVertexAttributeDescriptorArrayE"
600	61	30898	6170722	"__ZN3MTL7Private5Class36s_kMTLVisibleFunctionTableDescriptorE"
601	61	38708	6178532	"__ZN3MTL7Private8Protocol33s_kMTLResourceStateCommandEncoderE"
602	61	89214	6229038	"__ZN3MTL7Private8Selector33s_kdrawPrimitives_indirectBuffer_E"
603	61	89276	6229100	"__ZN3MTL7Private8Selector33s_kindirectComputeCommandAtIndex_E"
604	61	89338	6229162	"__ZN3MTL7Private8Selector33s_kinstanceDescriptorBufferOffsetE"
605	61	89400	6229224	"__ZN3MTL7Private8Selector33s_kmaxAvailableSizeWithAlignment_E"
606	61	89462	6229286	"__ZN3MTL7Private8Selector33s_knewCommandQueueWithDescriptor_E"
607	61	89524	6229348	"__ZN3MTL7Private8Selector33s_knewRemoteTextureViewForDevice_E"
608	61	89586	6229410	"__ZN3MTL7Private8Selector33s_knewSamplerStateWithDescriptor_E"
609	61	89648	6229472	"__ZN3MTL7Private8Selector33s_knewTensorWithDescriptor_error_E"
610	61	89710	6229534	"__ZN3MTL7Private8Selector33s_knewTextureViewWithPixelFormat_E"
611	61	89772	6229596	"__ZN3MTL7Private8Selector33s_kreflectionForFunctionWithName_E"
612	61	89834	6229658	"__ZN3MTL7Private8Selector33s_ksampleTimestamps_gpuTimestamp_E"
613	61	89896	6229720	"__ZN3MTL7Private8Selector33s_ksetConstantValue_type_atIndex_E"
614	61	89958	6229782	"__ZN3MTL7Private8Selector33s_ksetDepthAttachmentPixelFormat_E"
615	61	90020	6229844	"__ZN3MTL7Private8Selector33s_ksetDepthBias_slopeScale_clamp_E"
616	61	90082	6229906	"__ZN3MTL7Private8Selector33s_ksetDepthTestMinBound_maxBound_E"
617	61	90144	6229968	"__ZN3MTL7Private8Selector33s_ksetFragmentFunctionDescriptor_E"
618	61	90206	6230030	"__ZN3MTL7Private8Selector33s_ksetFragmentPreloadedLibraries_E"
619	61	90268	6230092	"__ZN3MTL7Private8Selector33s_ksetFragmentTextures_withRange_E"
620	61	90330	6230154	"__ZN3MTL7Private8Selector33s_ksetMathFloatingPointFunctions_E"
621	61	90392	6230216	"__ZN3MTL7Private8Selector33s_ksetMaxFragmentBufferBindCount_E"
622	61	90454	6230278	"__ZN3MTL7Private8Selector33s_ksetMotionTransformCountBuffer_E"
623	61	90516	6230340	"__ZN3MTL7Private8Selector33s_ksetObjectBufferOffset_atIndex_E"
624	61	90578	6230402	"__ZN3MTL7Private8Selector33s_ksetObjectBytes_length_atIndex_E"
625	61	90640	6230464	"__ZN3MTL7Private8Selector33s_ksetObjectSamplerState_atIndex_E"
626	61	90702	6230526	"__ZN3MTL7Private8Selector33s_ksetPrivateFunctionDescriptors_E"
627	61	90764	6230588	"__ZN3MTL7Private8Selector33s_ksetStartOfFragmentSampleIndex_E"
628	61	90826	6230650	"__ZN3MTL7Private8Selector33s_ksetSupportObjectBinaryLinking_E"
629	61	90888	6230712	"__ZN3MTL7Private8Selector33s_ksetSupportVertexBinaryLinking_E"
630	61	90950	6230774	"__ZN3MTL7Private8Selector33s_ksetTransformationMatrixBuffer_E"
631	61	91012	6230836	"__ZN3MTL7Private8Selector33s_ksetTransformationMatrixLayout_E"
632	61	91074	6230898	"__ZN3MTL7Private8Selector33s_ksetVertexBufferOffset_atIndex_E"
633	61	91136	6230960	"__ZN3MTL7Private8Selector33s_ksetVertexBytes_length_atIndex_E"
634	61	91198	6231022	"__ZN3MTL7Private8Selector33s_ksetVertexSamplerState_atIndex_E"
635	61	91260	6231084	"__ZN3MTL7Private8Selector33s_ksupportsPullModelInterpolationE"
636	61	91322	6231146	"__ZN3MTL7Private8Selector33s_ksupportsRenderDynamicLibrariesE"
637	61	91384	6231208	"__ZN3MTL7Private8Selector33s_ktessellationFactorStepFunctionE"
638	61	91446	6231270	"__ZN3MTL7Private8Selector33s_ktessellationOutputWindingOrderE"
639	61	91508	6231332	"__ZN3MTL7Private8Selector33s_kthreadgroupSizeMatchesTileSizeE"
640	61	91570	6231394	"__ZN3MTL7Private8Selector33s_kvisibleFunctionTableDescriptorE"
641	61	155746	6295570	"__ZNSt3__115basic_streambufIcNS_11char_traitsIcEEE6setbufEPcl"
642	61	155808	6295632	"__ZNSt3__115basic_streambufIcNS_11char_traitsIcEEE6xsgetnEPcl"
643	61	159855	6299679	"__ZTv0_n24_NSt3__114basic_iostreamIcNS_11char_traitsIcEEED0Ev"
644	61	159917	6299741	"__ZTv0_n24_NSt3__114basic_iostreamIcNS_11char_traitsIcEEED1Ev"
645	60	13998	6153822	"__Z25MLNFeatureFromMBGLFeatureRKN6mapbox7feature7featureIdEE"
646	60	23844	6163668	"__ZN2NS7Private8Selector33s_kerrorWithDomain_code_userInfo_E"
647	60	23905	6163729	"__ZN2NS7Private8Selector33s_kinitWithObjects_forKeys_count_E"
648	60	30283	6170107	"__ZN3MTL7Private5Class35s_kMTL4MeshRenderPipelineDescriptorE"
649	60	30344	6170168	"__ZN3MTL7Private5Class35s_kMTL4TileRenderPipelineDescriptorE"
650	60	30405	6170229	"__ZN3MTL7Private5Class35s_kMTLCounterSampleBufferDescriptorE"
651	60	30466	6170290	"__ZN3MTL7Private5Class35s_kMTLFunctionStitchingFunctionNodeE"
652	60	30527	6170351	"__ZN3MTL7Private5Class35s_kMTLPipelineBufferDescriptorArrayE"
653	60	38586	6178410	"__ZN3MTL7Private8Protocol32s_kMTL4PipelineDataSetSerializerE"
654	60	38647	6178471	"__ZN3MTL7Private8Protocol32s_kMTLFunctionStitchingAttributeE"
655	60	86652	6226476	"__ZN3MTL7Private8Selector32s_kareBarycentricCoordsSupportedE"
656	60	86713	6226537	"__ZN3MTL7Private8Selector32s_kareRasterOrderGroupsSupportedE"
657	60	86774	6226598	"__ZN3MTL7Private8Selector32s_kfunctionHandleWithName_stage_E"
658	60	86835	6226659	"__ZN3MTL7Private8Selector32s_kindirectRenderCommandAtIndex_E"
659	60	86896	6226720	"__ZN3MTL7Private8Selector32s_kinputDimensionsAtBufferIndex_E"
660	60	86957	6226781	"__ZN3MTL7Private8Selector32s_kmachineLearningCommandEncoderE"
661	60	87018	6226842	"__ZN3MTL7Private8Selector32s_kmaxArgumentBufferSamplerCountE"
662	60	87079	6226903	"__ZN3MTL7Private8Selector32s_kmaxTotalThreadsPerThreadgroupE"
663	60	87140	6226964	"__ZN3MTL7Private8Selector32s_kmeshAdditionalBinaryFunctionsE"
664	60	87201	6227025	"__ZN3MTL7Private8Selector32s_knewIOFileHandleWithURL_error_E"
665	60	87262	6227086	"__ZN3MTL7Private8Selector32s_knewRemoteBufferViewForDevice_E"
666	60	87323	6227147	"__ZN3MTL7Private8Selector32s_knewTextureViewWithDescriptor_E"
667	60	87384	6227208	"__ZN3MTL7Private8Selector32s_knotifyListener_atValue_block_E"
668	60	87445	6227269	"__ZN3MTL7Private8Selector32s_kobjectStaticLinkingDescriptorE"
669	60	87506	6227330	"__ZN3MTL7Private8Selector32s_koptimizeContentsForCPUAccess_E"
670	60	87567	6227391	"__ZN3MTL7Private8Selector32s_koptimizeContentsForGPUAccess_E"
671	60	87628	6227452	"__ZN3MTL7Private8Selector32s_krequiredThreadsPerThreadgroupE"
672	60	87689	6227513	"__ZN3MTL7Private8Selector32s_ksetAllowGPUOptimizedContents_E"
673	60	87750	6227574	"__ZN3MTL7Private8Selector32s_ksetBuffers_offsets_withRange_E"
674	60	87811	6227635	"__ZN3MTL7Private8Selector32s_ksetComputeFunctionDescriptor_E"
675	60	87872	6227696	"__ZN3MTL7Private8Selector32s_ksetDepthStencilPassOperation_E"
676	60	87933	6227757	"__ZN3MTL7Private8Selector32s_ksetDepthStencilState_atIndex_E"
677	60	87994	6227818	"__ZN3MTL7Private8Selector32s_ksetDestinationRGBBlendFactor_E"
678	60	88055	6227879	"__ZN3MTL7Private8Selector32s_ksetInheritFrontFacingWinding_E"
679	60	88116	6227940	"__ZN3MTL7Private8Selector32s_ksetInputDimensions_withRange_E"
680	60	88177	6228001	"__ZN3MTL7Private8Selector32s_ksetInstanceCountBufferOffset_E"
681	60	88238	6228062	"__ZN3MTL7Private8Selector32s_ksetMaxFragmentCallStackDepth_E"
682	60	88299	6228123	"__ZN3MTL7Private8Selector32s_ksetMeshBuffer_offset_atIndex_E"
683	60	88360	6228184	"__ZN3MTL7Private8Selector32s_ksetObject_atIndexedSubscript_E"
684	60	88421	6228245	"__ZN3MTL7Private8Selector32s_ksetPipelineDataSetSerializer_E"
685	60	88482	6228306	"__ZN3MTL7Private8Selector32s_ksetPrimitiveDataBufferOffset_E"
686	60	88543	6228367	"__ZN3MTL7Private8Selector32s_ksetStartOfEncoderSampleIndex_E"
687	60	88604	6228428	"__ZN3MTL7Private8Selector32s_ksetStencilStoreActionOptions_E"
688	60	88665	6228489	"__ZN3MTL7Private8Selector32s_ksetTessellationPartitionMode_E"
689	60	88726	6228550	"__ZN3MTL7Private8Selector32s_ksetTileBuffer_offset_atIndex_E"
690	60	88787	6228611	"__ZN3MTL7Private8Selector32s_kstartCaptureWithCommandQueue_E"
691	60	88848	6228672	"__ZN3MTL7Private8Selector32s_kstaticThreadgroupMemoryLengthE"
692	60	88909	6228733	"__ZN3MTL7Private8Selector32s_ksupportColorAttachmentMappingE"
693	60	88970	6228794	"__ZN3MTL7Private8Selector32s_ksupportDynamicAttributeStrideE"
694	60	89031	6228855	"__ZN3MTL7Private8Selector32s_ksupportIndirectCommandBuffersE"
695	60	89092	6228916	"__ZN3MTL7Private8Selector32s_ktileAdditionalBinaryFunctionsE"
696	60	89153	6228977	"__ZN3MTL7Private8Selector32s_kvertexStaticLinkingDescriptorE"
697	60	159611	6299435	"__ZTv0_n24_NSt3__113basic_istreamIcNS_11char_traitsIcEEED0Ev"
698	60	159672	6299496	"__ZTv0_n24_NSt3__113basic_istreamIcNS_11char_traitsIcEEED1Ev"
699	60	159733	6299557	"__ZTv0_n24_NSt3__113basic_ostreamIcNS_11char_traitsIcEEED0Ev"
700	60	159794	6299618	"__ZTv0_n24_NSt3__113basic_ostreamIcNS_11char_traitsIcEEED1Ev"
701	59	15545	6155369	"__ZN2CA7Private8Selector32s_ksetAllowsNextDrawableTimeout_E"
702	59	23724	6163548	"__ZN2NS7Private8Selector32s_kdateWithTimeIntervalSinceNow_E"
703	59	23784	6163608	"__ZN2NS7Private8Selector32s_kinitWithDomain_code_userInfo_E"
704	59	30043	6169867	"__ZN3MTL7Private5Class34s_kMTLMeshRenderPipelineDescriptorE"
705	59	30103	6169927	"__ZN3MTL7Private5Class34s_kMTLRasterizationRateSampleArrayE"
706	59	30163	6169987	"__ZN3MTL7Private5Class34s_kMTLTileRenderPipelineDescriptorE"
707	59	30223	6170047	"__ZN3MTL7Private5Class34s_kMTLVertexBufferLayoutDescriptorE"
708	59	38526	6178350	"__ZN3MTL7Private8Protocol31s_kMTLIntersectionFunctionTableE"
709	59	84492	6224316	"__ZN3MTL7Private8Selector31s_kcommandBufferWithDescriptor_E"
710	59	84552	6224376	"__ZN3MTL7Private8Selector31s_knewBufferWithLength_options_E"
711	59	84612	6224436	"__ZN3MTL7Private8Selector31s_kpresentAfterMinimumDuration_E"
712	59	84672	6224496	"__ZN3MTL7Private8Selector31s_krecommendedMaxWorkingSetSizeE"
713	59	84732	6224556	"__ZN3MTL7Private8Selector31s_ksetColorStoreAction_atIndex_E"
714	59	84792	6224616	"__ZN3MTL7Private8Selector31s_ksetControlPointBufferOffset_E"
715	59	84852	6224676	"__ZN3MTL7Private8Selector31s_ksetDefaultRasterSampleCount_E"
716	59	84912	6224736	"__ZN3MTL7Private8Selector31s_ksetEndOfFragmentSampleIndex_E"
717	59	84972	6224796	"__ZN3MTL7Private8Selector31s_ksetInheritDepthStencilState_E"
718	59	85032	6224856	"__ZN3MTL7Private8Selector31s_ksetInstanceDescriptorBuffer_E"
719	59	85092	6224916	"__ZN3MTL7Private8Selector31s_ksetInstanceDescriptorStride_E"
720	59	85152	6224976	"__ZN3MTL7Private8Selector31s_ksetMaxKernelBufferBindCount_E"
721	59	85212	6225036	"__ZN3MTL7Private8Selector31s_ksetMaxObjectBufferBindCount_E"
722	59	85272	6225096	"__ZN3MTL7Private8Selector31s_ksetMaxSamplerStateBindCount_E"
723	59	85332	6225156	"__ZN3MTL7Private8Selector31s_ksetMaxVertexBufferBindCount_E"
724	59	85392	6225216	"__ZN3MTL7Private8Selector31s_ksetMeshBufferOffset_atIndex_E"
725	59	85452	6225276	"__ZN3MTL7Private8Selector31s_ksetMeshBytes_length_atIndex_E"
726	59	85512	6225336	"__ZN3MTL7Private8Selector31s_ksetMeshSamplerState_atIndex_E"
727	59	85572	6225396	"__ZN3MTL7Private8Selector31s_ksetObjectFunctionDescriptor_E"
728	59	85632	6225456	"__ZN3MTL7Private8Selector31s_ksetObjectTextures_withRange_E"
729	59	85692	6225516	"__ZN3MTL7Private8Selector31s_ksetPrimitiveDataElementSize_E"
730	59	85752	6225576	"__ZN3MTL7Private8Selector31s_ksetSegmentControlPointCount_E"
731	59	85812	6225636	"__ZN3MTL7Private8Selector31s_ksetStartOfVertexSampleIndex_E"
732	59	85872	6225696	"__ZN3MTL7Private8Selector31s_ksetSupportMeshBinaryLinking_E"
733	59	85932	6225756	"__ZN3MTL7Private8Selector31s_ksetTessellationFactorFormat_E"
734	59	85992	6225816	"__ZN3MTL7Private8Selector31s_ksetTileBufferOffset_atIndex_E"
735	59	86052	6225876	"__ZN3MTL7Private8Selector31s_ksetTileBytes_length_atIndex_E"
736	59	86112	6225936	"__ZN3MTL7Private8Selector31s_ksetTileSamplerState_atIndex_E"
737	59	86172	6225996	"__ZN3MTL7Private8Selector31s_ksetVertexFunctionDescriptor_E"
738	59	86232	6226056	"__ZN3MTL7Private8Selector31s_ksetVertexPreloadedLibraries_E"
739	59	86292	6226116	"__ZN3MTL7Private8Selector31s_ksetVertexTextures_withRange_E"
740	59	86352	6226176	"__ZN3MTL7Private8Selector31s_kstencilAttachmentPixelFormatE"
741	59	86412	6226236	"__ZN3MTL7Private8Selector31s_ksupportAddingBinaryFunctionsE"
742	59	86472	6226296	"__ZN3MTL7Private8Selector31s_ksupportFragmentBinaryLinkingE"
743	59	86532	6226356	"__ZN3MTL7Private8Selector31s_ksupportsBCTextureCompressionE"
744	59	86592	6226416	"__ZN3MTL7Private8Selector31s_ksupportsRaytracingFromRenderE"
745	59	127276	6267100	"__ZNK3mlt8metadata6stream14StreamMetadata14getLogicalTypeEv"
746	59	151951	6291775	"__ZNSt3__111regex_errorC1ENS_15regex_constants10error_typeE"
747	59	154598	6294422	"__ZNSt3__113basic_ostreamIcNS_11char_traitsIcEEE6sentryD1Ev"
748	59	159491	6299315	"__ZThn16_NSt3__114basic_iostreamIcNS_11char_traitsIcEEED0Ev"
749	59	159551	6299375	"__ZThn16_NSt3__114basic_iostreamIcNS_11char_traitsIcEEED1Ev"
750	58	23547	6163371	"__ZN2NS7Private8Selector31s_kdictionaryWithObject_forKey_E"
751	58	23606	6163430	"__ZN2NS7Private8Selector31s_kdisableAutomaticTermination_E"
752	58	23665	6163489	"__ZN2NS7Private8Selector31s_koperatingSystemVersionStringE"
753	58	29748	6169572	"__ZN3MTL7Private5Class33s_kMTL4CommandAllocatorDescriptorE"
754	58	29807	6169631	"__ZN3MTL7Private5Class33s_kMTL4StitchedFunctionDescriptorE"
755	58	29866	6169690	"__ZN3MTL7Private5Class33s_kMTLBufferLayoutDescriptorArrayE"
756	58	29925	6169749	"__ZN3MTL7Private5Class33s_kMTLRasterizationRateLayerArrayE"
757	58	29984	6169808	"__ZN3MTL7Private5Class33s_kMTLResourceStatePassDescriptorE"
758	58	38349	6178173	"__ZN3MTL7Private8Protocol30s_kMTLCommandBufferEncoderInfoE"
759	58	38408	6178232	"__ZN3MTL7Private8Protocol30s_kMTLFunctionLogDebugLocationE"
760	58	38467	6178291	"__ZN3MTL7Private8Protocol30s_kMTLIOScratchBufferAllocatorE"
761	58	82604	6222428	"__ZN3MTL7Private8Selector30s_kcolorAttachmentMappingStateE"
762	58	82663	6222487	"__ZN3MTL7Private8Selector30s_kdestinationAlphaBlendFactorE"
763	58	82722	6222546	"__ZN3MTL7Private8Selector30s_kelementTextureReferenceTypeE"
764	58	82781	6222605	"__ZN3MTL7Private8Selector30s_kfunctionConstantsDictionaryE"
765	58	82840	6222664	"__ZN3MTL7Private8Selector30s_kfunctionHandleWithFunction_E"
766	58	82899	6222723	"__ZN3MTL7Private8Selector30s_kmaxVertexAmplificationCountE"
767	58	82958	6222782	"__ZN3MTL7Private8Selector30s_kmeshStaticLinkingDescriptorE"
768	58	83017	6222841	"__ZN3MTL7Private8Selector30s_kmotionTransformBufferOffsetE"
769	58	83076	6222900	"__ZN3MTL7Private8Selector30s_knewSharedTextureWithHandle_E"
770	58	83135	6222959	"__ZN3MTL7Private8Selector30s_kparameterBufferSizeAndAlignE"
771	58	83194	6223018	"__ZN3MTL7Private8Selector30s_kresourceStateCommandEncoderE"
772	58	83253	6223077	"__ZN3MTL7Private8Selector30s_kresourceStatePassDescriptorE"
773	58	83312	6223136	"__ZN3MTL7Private8Selector30s_ksetBoundingBoxBufferOffset_E"
774	58	83371	6223195	"__ZN3MTL7Private8Selector30s_ksetCompileSymbolVisibility_E"
775	58	83430	6223254	"__ZN3MTL7Private8Selector30s_ksetDepthStoreActionOptions_E"
776	58	83489	6223313	"__ZN3MTL7Private8Selector30s_ksetEndOfEncoderSampleIndex_E"
777	58	83548	6223372	"__ZN3MTL7Private8Selector30s_ksetFragmentLinkedFunctions_E"
778	58	83607	6223431	"__ZN3MTL7Private8Selector30s_ksetFragmentTexture_atIndex_E"
779	58	83666	6223490	"__ZN3MTL7Private8Selector30s_ksetInheritTriangleFillMode_E"
780	58	83725	6223549	"__ZN3MTL7Private8Selector30s_ksetMaxMotionTransformCount_E"
781	58	83784	6223608	"__ZN3MTL7Private8Selector30s_ksetMaxVertexCallStackDepth_E"
782	58	83843	6223667	"__ZN3MTL7Private8Selector30s_ksetPlacementSparsePageSize_E"
783	58	83902	6223726	"__ZN3MTL7Private8Selector30s_ksetRenderTargetArrayLength_E"
784	58	83961	6223785	"__ZN3MTL7Private8Selector30s_ksetSamplerStates_withRange_E"
785	58	84020	6223844	"__ZN3MTL7Private8Selector30s_ksetStaticLinkingDescriptor_E"
786	58	84079	6223903	"__ZN3MTL7Private8Selector30s_ksetStencilFailureOperation_E"
787	58	84138	6223962	"__ZN3MTL7Private8Selector30s_ksetSupportAttributeStrides_E"
788	58	84197	6224021	"__ZN3MTL7Private8Selector30s_ksetTessellationFactorScale_E"
789	58	84256	6224080	"__ZN3MTL7Private8Selector30s_ksetThreadgroupMemoryLength_E"
790	58	84315	6224139	"__ZN3MTL7Private8Selector30s_ksupports32BitFloatFilteringE"
791	58	84374	6224198	"__ZN3MTL7Private8Selector30s_ksupportsPrimitiveMotionBlurE"
792	58	84433	6224257	"__ZN3MTL7Private8Selector30s_ksupportsTextureSampleCount_E"
793	58	155687	6295511	"__ZNSt3__115basic_streambufIcNS_11char_traitsIcEEE5uflowEv"
794	57	23083	6162907	"__ZN2NS7Private8Selector30s_kenableAutomaticTermination_E"
795	57	23141	6162965	"__ZN2NS7Private8Selector30s_klengthOfBytesUsingEncoding_E"
796	57	23199	6163023	"__ZN2NS7Private8Selector30s_klocalizedRecoverySuggestionE"
797	57	23257	6163081	"__ZN2NS7Private8Selector30s_kmethodSignatureForSelector_E"
798	57	23315	6163139	"__ZN2NS7Private8Selector30s_knumberWithUnsignedLongLong_E"
799	57	23373	6163197	"__ZN2NS7Private8Selector30s_kobjectForInfoDictionaryKey_E"
800	57	23431	6163255	"__ZN2NS7Private8Selector30s_kpathForAuxiliaryExecutable_E"
801	57	23489	6163313	"__ZN2NS7Private8Selector30s_kstringWithCString_encoding_E"
802	57	29458	6169282	"__ZN3MTL7Private5Class32s_kMTL4ComputePipelineDescriptorE"
803	57	29516	6169340	"__ZN3MTL7Private5Class32s_kMTL4LibraryFunctionDescriptorE"
804	57	29574	6169398	"__ZN3MTL7Private5Class32s_kMTLFunctionStitchingInputNodeE"
805	57	29632	6169456	"__ZN3MTL7Private5Class32s_kMTLResourceViewPoolDescriptorE"
806	57	29690	6169514	"__ZN3MTL7Private5Class32s_kMTLStageInputOutputDescriptorE"
807	57	80110	6219934	"__ZN3MTL7Private8Selector29s_kcopyFromTexture_toTexture_E"
808	57	80168	6219992	"__ZN3MTL7Private8Selector29s_kcopyStatusToBuffer_offset_E"
809	57	80226	6220050	"__ZN3MTL7Private8Selector29s_kdepthAttachmentPixelFormatE"
810	57	80284	6220108	"__ZN3MTL7Private8Selector29s_kelementTensorReferenceTypeE"
811	57	80342	6220166	"__ZN3MTL7Private8Selector29s_kfragmentFunctionDescriptorE"
812	57	80400	6220224	"__ZN3MTL7Private8Selector29s_kfragmentPreloadedLibrariesE"
813	57	80458	6220282	"__ZN3MTL7Private8Selector29s_kgenerateMipmapsForTexture_E"
814	57	80516	6220340	"__ZN3MTL7Private8Selector29s_kinsertDebugCaptureBoundaryE"
815	57	80574	6220398	"__ZN3MTL7Private8Selector29s_kmathFloatingPointFunctionsE"
816	57	80632	6220456	"__ZN3MTL7Private8Selector29s_kmaxFragmentBufferBindCountE"
817	57	80690	6220514	"__ZN3MTL7Private8Selector29s_kmaxThreadgroupMemoryLengthE"
818	57	80748	6220572	"__ZN3MTL7Private8Selector29s_kmotionTransformCountBufferE"
819	57	80806	6220630	"__ZN3MTL7Private8Selector29s_knewCaptureScopeWithDevice_E"
820	57	80864	6220688	"__ZN3MTL7Private8Selector29s_kobjectThreadExecutionWidthE"
821	57	80922	6220746	"__ZN3MTL7Private8Selector29s_kprivateFunctionDescriptorsE"
822	57	80980	6220804	"__ZN3MTL7Private8Selector29s_kremoveResidencySets_count_E"
823	57	81038	6220862	"__ZN3MTL7Private8Selector29s_ksetAlphaToCoverageEnabled_E"
824	57	81096	6220920	"__ZN3MTL7Private8Selector29s_ksetArgumentTable_atStages_E"
825	57	81154	6220978	"__ZN3MTL7Private8Selector29s_ksetConstantBlockAlignment_E"
826	57	81212	6221036	"__ZN3MTL7Private8Selector29s_ksetEndOfVertexSampleIndex_E"
827	57	81270	6221094	"__ZN3MTL7Private8Selector29s_ksetImageblockSampleLength_E"
828	57	81328	6221152	"__ZN3MTL7Private8Selector29s_ksetImageblockWidth_height_E"
829	57	81386	6221210	"__ZN3MTL7Private8Selector29s_ksetInputPrimitiveTopology_E"
830	57	81444	6221268	"__ZN3MTL7Private8Selector29s_ksetInstanceDescriptorType_E"
831	57	81502	6221326	"__ZN3MTL7Private8Selector29s_ksetMaxMeshBufferBindCount_E"
832	57	81560	6221384	"__ZN3MTL7Private8Selector29s_ksetMeshFunctionDescriptor_E"
833	57	81618	6221442	"__ZN3MTL7Private8Selector29s_ksetMeshTextures_withRange_E"
834	57	81676	6221500	"__ZN3MTL7Private8Selector29s_ksetResource_atBufferIndex_E"
835	57	81734	6221558	"__ZN3MTL7Private8Selector29s_ksetScratchBufferAllocator_E"
836	57	81792	6221616	"__ZN3MTL7Private8Selector29s_ksetSourceAlphaBlendFactor_E"
837	57	81850	6221674	"__ZN3MTL7Private8Selector29s_ksetStencilCompareFunction_E"
838	57	81908	6221732	"__ZN3MTL7Private8Selector29s_ksetSupportArgumentBuffers_E"
839	57	81966	6221790	"__ZN3MTL7Private8Selector29s_ksetTileFunctionDescriptor_E"
840	57	82024	6221848	"__ZN3MTL7Private8Selector29s_ksetTileTextures_withRange_E"
841	57	82082	6221906	"__ZN3MTL7Private8Selector29s_ksetVisibilityResultBuffer_E"
842	57	82140	6221964	"__ZN3MTL7Private8Selector29s_kstageInputOutputDescriptorE"
843	57	82198	6222022	"__ZN3MTL7Private8Selector29s_kstartOfFragmentSampleIndexE"
844	57	82256	6222080	"__ZN3MTL7Private8Selector29s_ksupportObjectBinaryLinkingE"
845	57	82314	6222138	"__ZN3MTL7Private8Selector29s_ksupportVertexBinaryLinkingE"
846	57	82372	6222196	"__ZN3MTL7Private8Selector29s_kthreadgroupMemoryAlignmentE"
847	57	82430	6222254	"__ZN3MTL7Private8Selector29s_ktransformationMatrixBufferE"
848	57	82488	6222312	"__ZN3MTL7Private8Selector29s_ktransformationMatrixLayoutE"
849	57	82546	6222370	"__ZN3MTL7Private8Selector29s_kwaitForFence_beforeStages_E"
850	57	150666	6290490	"__ZNKSt3__120__codecvt_utf8_utf16IDsE16do_always_noconvEv"
851	57	154062	6293886	"__ZNSt3__113basic_istreamIcNS_11char_traitsIcEEE4readEPcl"
852	57	155558	6295382	"__ZNSt3__115basic_streambufIcNS_11char_traitsIcEEE4syncEv"
853	56	23026	6162850	"__ZN2NS7Private8Selector29s_kURLForAuxiliaryExecutable_E"
854	56	29116	6168940	"__ZN3MTL7Private5Class31s_kMTL4BinaryFunctionDescriptorE"
855	56	29173	6168997	"__ZN3MTL7Private5Class31s_kMTL4RenderPipelineDescriptorE"
856	56	29230	6169054	"__ZN3MTL7Private5Class31s_kMTLComputePipelineDescriptorE"
857	56	29287	6169111	"__ZN3MTL7Private5Class31s_kMTLComputePipelineReflectionE"
858	56	29344	6169168	"__ZN3MTL7Private5Class31s_kMTLStitchedLibraryDescriptorE"
859	56	29401	6169225	"__ZN3MTL7Private5Class31s_kMTLVertexAttributeDescriptorE"
860	56	38235	6178059	"__ZN3MTL7Private8Protocol28s_kMTL4ComputeCommandEncoderE"
861	56	38292	6178116	"__ZN3MTL7Private8Protocol28s_kMTLIndirectComputeCommandE"
862	56	77887	6217711	"__ZN3MTL7Private8Selector28s_kallowGPUOptimizedContentsE"
863	56	77944	6217768	"__ZN3MTL7Private8Selector28s_kcomputeFunctionDescriptorE"
864	56	78001	6217825	"__ZN3MTL7Private8Selector28s_kdepthStencilPassOperationE"
865	56	78058	6217882	"__ZN3MTL7Private8Selector28s_kdestinationRGBBlendFactorE"
866	56	78115	6217939	"__ZN3MTL7Private8Selector28s_kencodeWaitForEvent_value_E"
867	56	78172	6217996	"__ZN3MTL7Private8Selector28s_kfragmentLinkingDescriptorE"
868	56	78229	6218053	"__ZN3MTL7Private8Selector28s_kgetSamplePositions_count_E"
869	56	78286	6218110	"__ZN3MTL7Private8Selector28s_kinheritFrontFacingWindingE"
870	56	78343	6218167	"__ZN3MTL7Private8Selector28s_kinstanceCountBufferOffsetE"
871	56	78400	6218224	"__ZN3MTL7Private8Selector28s_kmaxFragmentCallStackDepthE"
872	56	78457	6218281	"__ZN3MTL7Private8Selector28s_knewIOHandleWithURL_error_E"
873	56	78514	6218338	"__ZN3MTL7Private8Selector28s_knewLibraryWithData_error_E"
874	56	78571	6218395	"__ZN3MTL7Private8Selector28s_knewLibraryWithFile_error_E"
875	56	78628	6218452	"__ZN3MTL7Private8Selector28s_knewSharedEventWithHandle_E"
876	56	78685	6218509	"__ZN3MTL7Private8Selector28s_knewTextureWithDescriptor_E"
877	56	78742	6218566	"__ZN3MTL7Private8Selector28s_kobjectAtIndexedSubscript_E"
878	56	78799	6218623	"__ZN3MTL7Private8Selector28s_kpipelineDataSetSerializerE"
879	56	78856	6218680	"__ZN3MTL7Private8Selector28s_kprimitiveDataBufferOffsetE"
880	56	78913	6218737	"__ZN3MTL7Private8Selector28s_ksetArgumentBuffer_offset_E"
881	56	78970	6218794	"__ZN3MTL7Private8Selector28s_ksetBinaryLinkedFunctions_E"
882	56	79027	6218851	"__ZN3MTL7Private8Selector28s_ksetBuffer_offset_atIndex_E"
883	56	79084	6218908	"__ZN3MTL7Private8Selector28s_ksetDepthFailureOperation_E"
884	56	79141	6218965	"__ZN3MTL7Private8Selector28s_ksetMaxCommandBufferCount_E"
885	56	79198	6219022	"__ZN3MTL7Private8Selector28s_ksetMaxTessellationFactor_E"
886	56	79255	6219079	"__ZN3MTL7Private8Selector28s_ksetMotionStartBorderMode_E"
887	56	79312	6219136	"__ZN3MTL7Private8Selector28s_ksetMotionTransformBuffer_E"
888	56	79369	6219193	"__ZN3MTL7Private8Selector28s_ksetMotionTransformStride_E"
889	56	79426	6219250	"__ZN3MTL7Private8Selector28s_ksetNormalizedCoordinates_E"
890	56	79483	6219307	"__ZN3MTL7Private8Selector28s_ksetObjectLinkedFunctions_E"
891	56	79540	6219364	"__ZN3MTL7Private8Selector28s_ksetObjectTexture_atIndex_E"
892	56	79597	6219421	"__ZN3MTL7Private8Selector28s_ksetSamplePositions_count_E"
893	56	79654	6219478	"__ZN3MTL7Private8Selector28s_ksetStencilReferenceValue_E"
894	56	79711	6219535	"__ZN3MTL7Private8Selector28s_ksetVertexLinkedFunctions_E"
895	56	79768	6219592	"__ZN3MTL7Private8Selector28s_ksetVertexTexture_atIndex_E"
896	56	79825	6219649	"__ZN3MTL7Private8Selector28s_kstartOfEncoderSampleIndexE"
897	56	79882	6219706	"__ZN3MTL7Private8Selector28s_ktessellationPartitionModeE"
898	56	79939	6219763	"__ZN3MTL7Private8Selector28s_kthreadgroupMemoryDataSizeE"
899	56	79996	6219820	"__ZN3MTL7Private8Selector28s_kuseResource_usage_stages_E"
900	56	80053	6219877	"__ZN3MTL7Private8Selector28s_kuseResources_count_usage_E"
901	56	154478	6294302	"__ZNSt3__113basic_ostreamIcNS_11char_traitsIcEEE5flushEv"
902	56	158327	6298151	"__ZNSt3__18ios_base33__set_badbit_and_consider_rethrowEv"
903	55	15489	6155313	"__ZN2CA7Private8Selector28s_kallowsNextDrawableTimeoutE"
904	55	22914	6162738	"__ZN2NS7Private8Selector28s_kinitWithCString_encoding_E"
905	55	22970	6162794	"__ZN2NS7Private8Selector28s_kinitWithUnsignedLongLong_E"
906	55	28724	6168548	"__ZN3MTL7Private5Class30s_kMTL4ArgumentTableDescriptorE"
907	55	28780	6168604	"__ZN3MTL7Private5Class30s_kMTL4StaticLinkingDescriptorE"
908	55	28836	6168660	"__ZN3MTL7Private5Class30s_kMTLAttributeDescriptorArrayE"
909	55	28892	6168716	"__ZN3MTL7Private5Class30s_kMTLIOCommandQueueDescriptorE"
910	55	28948	6168772	"__ZN3MTL7Private5Class30s_kMTLPipelineBufferDescriptorE"
911	55	29004	6168828	"__ZN3MTL7Private5Class30s_kMTLRenderPipelineDescriptorE"
912	55	29060	6168884	"__ZN3MTL7Private5Class30s_kMTLRenderPipelineReflectionE"
913	55	37899	6177723	"__ZN3MTL7Private8Protocol27s_kMTL4RenderCommandEncoderE"
914	55	37955	6177779	"__ZN3MTL7Private8Protocol27s_kMTLAccelerationStructureE"
915	55	38011	6177835	"__ZN3MTL7Private8Protocol27s_kMTLComputeCommandEncoderE"
916	55	38067	6177891	"__ZN3MTL7Private8Protocol27s_kMTLFunctionStitchingNodeE"
917	55	38123	6177947	"__ZN3MTL7Private8Protocol27s_kMTLIndirectCommandBufferE"
918	55	38179	6178003	"__ZN3MTL7Private8Protocol27s_kMTLIndirectRenderCommandE"
919	55	75311	6215135	"__ZN3MTL7Private8Selector27s_kcontrolPointBufferOffsetE"
920	55	75367	6215191	"__ZN3MTL7Private8Selector27s_kdefaultRasterSampleCountE"
921	55	75423	6215247	"__ZN3MTL7Private8Selector27s_kencodeSignalEvent_value_E"
922	55	75479	6215303	"__ZN3MTL7Private8Selector27s_kendOfFragmentSampleIndexE"
923	55	75535	6215359	"__ZN3MTL7Private8Selector27s_kinheritDepthStencilStateE"
924	55	75591	6215415	"__ZN3MTL7Private8Selector27s_kinstanceDescriptorBufferE"
925	55	75647	6215471	"__ZN3MTL7Private8Selector27s_kinstanceDescriptorStrideE"
926	55	75703	6215527	"__ZN3MTL7Private8Selector27s_kisAlphaToCoverageEnabledE"
927	55	75759	6215583	"__ZN3MTL7Private8Selector27s_kmaxKernelBufferBindCountE"
928	55	75815	6215639	"__ZN3MTL7Private8Selector27s_kmaxObjectBufferBindCountE"
929	55	75871	6215695	"__ZN3MTL7Private8Selector27s_kmaxSamplerStateBindCountE"
930	55	75927	6215751	"__ZN3MTL7Private8Selector27s_kmaxThreadsPerThreadgroupE"
931	55	75983	6215807	"__ZN3MTL7Private8Selector27s_kmaxVertexBufferBindCountE"
932	55	76039	6215863	"__ZN3MTL7Private8Selector27s_kmeshThreadExecutionWidthE"
933	55	76095	6215919	"__ZN3MTL7Private8Selector27s_knewArchiveWithURL_error_E"
934	55	76151	6215975	"__ZN3MTL7Private8Selector27s_knewDynamicLibrary_error_E"
935	55	76207	6216031	"__ZN3MTL7Private8Selector27s_knewLibraryWithURL_error_E"
936	55	76263	6216087	"__ZN3MTL7Private8Selector27s_kobjectFunctionDescriptorE"
937	55	76319	6216143	"__ZN3MTL7Private8Selector27s_kprimitiveDataElementSizeE"
938	55	76375	6216199	"__ZN3MTL7Private8Selector27s_kremoveAllocations_count_E"
939	55	76431	6216255	"__ZN3MTL7Private8Selector27s_ksegmentControlPointCountE"
940	55	76487	6216311	"__ZN3MTL7Private8Selector27s_ksetAlphaToCoverageState_E"
941	55	76543	6216367	"__ZN3MTL7Private8Selector27s_ksetBufferOffset_atIndex_E"
942	55	76599	6216423	"__ZN3MTL7Private8Selector27s_ksetBytes_length_atIndex_E"
943	55	76655	6216479	"__ZN3MTL7Private8Selector27s_ksetComputePipelineState_E"
944	55	76711	6216535	"__ZN3MTL7Private8Selector27s_ksetDepthCompareFunction_E"
945	55	76767	6216591	"__ZN3MTL7Private8Selector27s_ksetInheritDepthClipMode_E"
946	55	76823	6216647	"__ZN3MTL7Private8Selector27s_ksetInheritPipelineState_E"
947	55	76879	6216703	"__ZN3MTL7Private8Selector27s_ksetMotionTransformCount_E"
948	55	76935	6216759	"__ZN3MTL7Private8Selector27s_ksetRasterizationEnabled_E"
949	55	76991	6216815	"__ZN3MTL7Private8Selector27s_ksetRasterizationRateMap_E"
950	55	77047	6216871	"__ZN3MTL7Private8Selector27s_ksetSamplerState_atIndex_E"
951	55	77103	6216927	"__ZN3MTL7Private8Selector27s_ksetSourceRGBBlendFactor_E"
952	55	77159	6216983	"__ZN3MTL7Private8Selector27s_ksetStageInputDescriptor_E"
953	55	77215	6217039	"__ZN3MTL7Private8Selector27s_ksetStencilResolveFilter_E"
954	55	77271	6217095	"__ZN3MTL7Private8Selector27s_ksetSupportBinaryLinking_E"
955	55	77327	6217151	"__ZN3MTL7Private8Selector27s_ksetVisibilityResultType_E"
956	55	77383	6217207	"__ZN3MTL7Private8Selector27s_kstartOfVertexSampleIndexE"
957	55	77439	6217263	"__ZN3MTL7Private8Selector27s_ksupportMeshBinaryLinkingE"
958	55	77495	6217319	"__ZN3MTL7Private8Selector27s_ksupportsCounterSampling_E"
959	55	77551	6217375	"__ZN3MTL7Private8Selector27s_ksupportsDynamicLibrariesE"
960	55	77607	6217431	"__ZN3MTL7Private8Selector27s_ksupportsFunctionPointersE"
961	55	77663	6217487	"__ZN3MTL7Private8Selector27s_ktessellationFactorFormatE"
962	55	77719	6217543	"__ZN3MTL7Private8Selector27s_kupdateFence_afterStages_E"
963	55	77775	6217599	"__ZN3MTL7Private8Selector27s_kvertexFunctionDescriptorE"
964	55	77831	6217655	"__ZN3MTL7Private8Selector27s_kvertexPreloadedLibrariesE"
965	54	15434	6155258	"__ZN2CA7Private8Selector27s_ksetMaximumDrawableCount_E"
966	54	22529	6162353	"__ZN2NS7Private8Selector27s_kdisableSuddenTerminationE"
967	54	22584	6162408	"__ZN2NS7Private8Selector27s_kfileSystemRepresentationE"
968	54	22639	6162463	"__ZN2NS7Private8Selector27s_klocalizedRecoveryOptionsE"
969	54	22694	6162518	"__ZN2NS7Private8Selector27s_knumberWithUnsignedShort_E"
970	54	22749	6162573	"__ZN2NS7Private8Selector27s_kpreflightAndReturnError_E"
971	54	22804	6162628	"__ZN2NS7Private8Selector27s_kstringByAppendingString_E"
972	54	22859	6162683	"__ZN2NS7Private8Selector27s_kvalueWithBytes_objCType_E"
973	54	28559	6168383	"__ZN3MTL7Private5Class29s_kMTL4CommandQueueDescriptorE"
974	54	28614	6168438	"__ZN3MTL7Private5Class29s_kMTLBinaryArchiveDescriptorE"
975	54	28669	6168493	"__ZN3MTL7Private5Class29s_kMTLCommandBufferDescriptorE"
976	54	37624	6177448	"__ZN3MTL7Private8Protocol26s_kMTLComputePipelineStateE"
977	54	37679	6177503	"__ZN3MTL7Private8Protocol26s_kMTLObjectPayloadBindingE"
978	54	37734	6177558	"__ZN3MTL7Private8Protocol26s_kMTLRasterizationRateMapE"
979	54	37789	6177613	"__ZN3MTL7Private8Protocol26s_kMTLRenderCommandEncoderE"
980	54	37844	6177668	"__ZN3MTL7Private8Protocol26s_kMTLVisibleFunctionTableE"
981	54	72341	6212165	"__ZN3MTL7Private8Selector26s_kaddResidencySets_count_E"
982	54	72396	6212220	"__ZN3MTL7Private8Selector26s_kboundingBoxBufferOffsetE"
983	54	72451	6212275	"__ZN3MTL7Private8Selector26s_kcompileSymbolVisibilityE"
984	54	72506	6212330	"__ZN3MTL7Private8Selector26s_kdispatchThreadsPerTile_E"
985	54	72561	6212385	"__ZN3MTL7Private8Selector26s_kelementIsArgumentBufferE"
986	54	72616	6212440	"__ZN3MTL7Private8Selector26s_kendOfEncoderSampleIndexE"
987	54	72671	6212495	"__ZN3MTL7Private8Selector26s_kextentAtDimensionIndex_E"
988	54	72726	6212550	"__ZN3MTL7Private8Selector26s_kfillBuffer_range_value_E"
989	54	72781	6212605	"__ZN3MTL7Private8Selector26s_kfragmentLinkedFunctionsE"
990	54	72836	6212660	"__ZN3MTL7Private8Selector26s_kfunctionHandleWithName_E"
991	54	72891	6212715	"__ZN3MTL7Private8Selector26s_khorizontalSampleStorageE"
992	54	72946	6212770	"__ZN3MTL7Private8Selector26s_kinheritTriangleFillModeE"
993	54	73001	6212825	"__ZN3MTL7Private8Selector26s_kinvalidateCounterRange_E"
994	54	73056	6212880	"__ZN3MTL7Private8Selector26s_kisPatchControlPointDataE"
995	54	73111	6212935	"__ZN3MTL7Private8Selector26s_kmaxMotionTransformCountE"
996	54	73166	6212990	"__ZN3MTL7Private8Selector26s_kmaxVertexCallStackDepthE"
997	54	73221	6213045	"__ZN3MTL7Private8Selector26s_kmemoryBarrierWithScope_E"
998	54	73276	6213100	"__ZN3MTL7Private8Selector26s_kobjectLinkingDescriptorE"
999	54	73331	6213155	"__ZN3MTL7Private8Selector26s_kplacementSparsePageSizeE"
1000	54	73386	6213210	"__ZN3MTL7Private8Selector26s_kpresentDrawable_atTime_E"
1001	54	73441	6213265	"__ZN3MTL7Private8Selector26s_kqueryTimestampFrequencyE"
1002	54	73496	6213320	"__ZN3MTL7Private8Selector26s_kreadWriteTextureSupportE"
1003	54	73551	6213375	"__ZN3MTL7Private8Selector26s_krenderTargetArrayLengthE"
1004	54	73606	6213430	"__ZN3MTL7Private8Selector26s_ksampleBufferAttachmentsE"
1005	54	73661	6213485	"__ZN3MTL7Private8Selector26s_ksetAlphaBlendOperation_E"
1006	54	73716	6213540	"__ZN3MTL7Private8Selector26s_ksetControlDependencies_E"
1007	54	73771	6213595	"__ZN3MTL7Private8Selector26s_ksetControlPointBuffers_E"
1008	54	73826	6213650	"__ZN3MTL7Private8Selector26s_ksetDefaultCaptureScope_E"
1009	54	73881	6213705	"__ZN3MTL7Private8Selector26s_ksetFunctionDescriptors_E"
1010	54	73936	6213760	"__ZN3MTL7Private8Selector26s_ksetFunctions_withRange_E"
1011	54	73991	6213815	"__ZN3MTL7Private8Selector26s_ksetGeometryDescriptors_E"
1012	54	74046	6213870	"__ZN3MTL7Private8Selector26s_ksetInstanceCountBuffer_E"
1013	54	74101	6213925	"__ZN3MTL7Private8Selector26s_ksetMaxCommandsInFlight_E"
1014	54	74156	6213980	"__ZN3MTL7Private8Selector26s_ksetMaxTextureBindCount_E"
1015	54	74211	6214035	"__ZN3MTL7Private8Selector26s_ksetMeshLinkedFunctions_E"
1016	54	74266	6214090	"__ZN3MTL7Private8Selector26s_ksetMeshTexture_atIndex_E"
1017	54	74321	6214145	"__ZN3MTL7Private8Selector26s_ksetMotionEndBorderMode_E"
1018	54	74376	6214200	"__ZN3MTL7Private8Selector26s_ksetMotionKeyframeCount_E"
1019	54	74431	6214255	"__ZN3MTL7Private8Selector26s_ksetMotionTransformType_E"
1020	54	74486	6214310	"__ZN3MTL7Private8Selector26s_ksetPayloadMemoryLength_E"
1021	54	74541	6214365	"__ZN3MTL7Private8Selector26s_ksetPrimitiveDataBuffer_E"
1022	54	74596	6214420	"__ZN3MTL7Private8Selector26s_ksetPrimitiveDataStride_E"
1023	54	74651	6214475	"__ZN3MTL7Private8Selector26s_ksetRenderPipelineState_E"
1024	54	74706	6214530	"__ZN3MTL7Private8Selector26s_ksetTextureView_atIndex_E"
1025	54	74761	6214585	"__ZN3MTL7Private8Selector26s_ksetTileTexture_atIndex_E"
1026	54	74816	6214640	"__ZN3MTL7Private8Selector26s_ksizeOfCounterHeapEntry_E"
1027	54	74871	6214695	"__ZN3MTL7Private8Selector26s_kstartCaptureWithDevice_E"
1028	54	74926	6214750	"__ZN3MTL7Private8Selector26s_kstaticLinkingDescriptorE"
1029	54	74981	6214805	"__ZN3MTL7Private8Selector26s_kstencilFailureOperationE"
1030	54	75036	6214860	"__ZN3MTL7Private8Selector26s_ksupportAttributeStridesE"
1031	54	75091	6214915	"__ZN3MTL7Private8Selector26s_ksupportsQueryTextureLODE"
1032	54	75146	6214970	"__ZN3MTL7Private8Selector26s_kthreadgroupMemoryLengthE"
1033	54	75201	6215025	"__ZN3MTL7Private8Selector26s_kuseResidencySets_count_E"
1034	54	75256	6215080	"__ZN3MTL7Private8Selector26s_kvertexLinkingDescriptorE"
1035	54	150611	6290435	"__ZNKSt3__120__codecvt_utf8_utf16IDsE13do_max_lengthEv"
1036	54	154423	6294247	"__ZNSt3__113basic_ostreamIcNS_11char_traitsIcEEE3putEc"
1037	54	155996	6295820	"__ZNSt3__115basic_streambufIcNS_11char_traitsIcEEEC2Ev"
1038	54	156051	6295875	"__ZNSt3__115basic_streambufIcNS_11char_traitsIcEEED2Ev"
1039	53	11351	6151175	"_OBJC_METACLASS_$_MLNMapViewProxyAccessibilityElement"
1040	53	11779	6151603	"_OBJC_METACLASS_$_MLNPlaceFeatureAccessibilityElement"
1041	53	22151	6161975	"__ZN2NS7Private8Selector26s_karrayWithObjects_count_E"
1042	53	22205	6162029	"__ZN2NS7Private8Selector26s_kcaseInsensitiveCompare_E"
1043	53	22259	6162083	"__ZN2NS7Private8Selector26s_kenableSuddenTerminationE"
1044	53	22313	6162137	"__ZN2NS7Private8Selector26s_kinitWithBytes_objCType_E"
1045	53	22367	6162191	"__ZN2NS7Private8Selector26s_klocalizedInfoDictionaryE"
1046	53	22421	6162245	"__ZN2NS7Private8Selector26s_knumberWithUnsignedChar_E"
1047	53	22475	6162299	"__ZN2NS7Private8Selector26s_knumberWithUnsignedLong_E"
1048	53	28181	6168005	"__ZN3MTL7Private5Class28s_kMTL4CounterHeapDescriptorE"
1049	53	28235	6168059	"__ZN3MTL7Private5Class28s_kMTLBufferLayoutDescriptorE"
1050	53	28289	6168113	"__ZN3MTL7Private5Class28s_kMTLCommandQueueDescriptorE"
1051	53	28343	6168167	"__ZN3MTL7Private5Class28s_kMTLDepthStencilDescriptorE"
1052	53	28397	6168221	"__ZN3MTL7Private5Class28s_kMTLFunctionConstantValuesE"
1053	53	28451	6168275	"__ZN3MTL7Private5Class28s_kMTLFunctionStitchingGraphE"
1054	53	28505	6168329	"__ZN3MTL7Private5Class28s_kMTLResidencySetDescriptorE"
1055	53	37516	6177340	"__ZN3MTL7Private8Protocol25s_kMTLCounterSampleBufferE"
1056	53	37570	6177394	"__ZN3MTL7Private8Protocol25s_kMTLRenderPipelineStateE"
1057	53	69621	6209445	"__ZN3MTL7Private8Selector25s_kargumentBuffersSupportE"
1058	53	69675	6209499	"__ZN3MTL7Private8Selector25s_kconstantBlockAlignmentE"
1059	53	69729	6209553	"__ZN3MTL7Private8Selector25s_kendOfVertexSampleIndexE"
1060	53	69783	6209607	"__ZN3MTL7Private8Selector25s_kimageblockSampleLengthE"
1061	53	69837	6209661	"__ZN3MTL7Private8Selector25s_kinitWithArgumentIndex_E"
1062	53	69891	6209715	"__ZN3MTL7Private8Selector25s_kinitWithDispatchQueue_E"
1063	53	69945	6209769	"__ZN3MTL7Private8Selector25s_kinputPrimitiveTopologyE"
1064	53	69999	6209823	"__ZN3MTL7Private8Selector25s_kinstanceDescriptorTypeE"
1065	53	70053	6209877	"__ZN3MTL7Private8Selector25s_kisRasterizationEnabledE"
1066	53	70107	6209931	"__ZN3MTL7Private8Selector25s_kmaxMeshBufferBindCountE"
1067	53	70161	6209985	"__ZN3MTL7Private8Selector25s_kmeshFunctionDescriptorE"
1068	53	70215	6210039	"__ZN3MTL7Private8Selector25s_knewHeapWithDescriptor_E"
1069	53	70269	6210093	"__ZN3MTL7Private8Selector25s_knewSharedTextureHandleE"
1070	53	70323	6210147	"__ZN3MTL7Private8Selector25s_kobjectPayloadAlignmentE"
1071	53	70377	6210201	"__ZN3MTL7Private8Selector25s_kpatchControlPointCountE"
1072	53	70431	6210255	"__ZN3MTL7Private8Selector25s_kscratchBufferAllocatorE"
1073	53	70485	6210309	"__ZN3MTL7Private8Selector25s_ksetBoundingBoxBuffers_E"
1074	53	70539	6210363	"__ZN3MTL7Private8Selector25s_ksetColorAttachmentMap_E"
1075	53	70593	6210417	"__ZN3MTL7Private8Selector25s_ksetControlPointBuffer_E"
1076	53	70647	6210471	"__ZN3MTL7Private8Selector25s_ksetControlPointFormat_E"
1077	53	70701	6210525	"__ZN3MTL7Private8Selector25s_ksetControlPointStride_E"
1078	53	70755	6210579	"__ZN3MTL7Private8Selector25s_ksetDepthResolveFilter_E"
1079	53	70809	6210633	"__ZN3MTL7Private8Selector25s_ksetFrontFacingWinding_E"
1080	53	70863	6210687	"__ZN3MTL7Private8Selector25s_ksetFunctionDescriptor_E"
1081	53	70917	6210741	"__ZN3MTL7Private8Selector25s_ksetHazardTrackingMode_E"
1082	53	70971	6210795	"__ZN3MTL7Private8Selector25s_ksetInitializeBindings_E"
1083	53	71025	6210849	"__ZN3MTL7Private8Selector25s_ksetMaxBufferBindCount_E"
1084	53	71079	6210903	"__ZN3MTL7Private8Selector25s_ksetPreloadedLibraries_E"
1085	53	71133	6210957	"__ZN3MTL7Private8Selector25s_ksetPreprocessorMacros_E"
1086	53	71187	6211011	"__ZN3MTL7Private8Selector25s_ksetPreserveInvariance_E"
1087	53	71241	6211065	"__ZN3MTL7Private8Selector25s_ksetRadiusBufferOffset_E"
1088	53	71295	6211119	"__ZN3MTL7Private8Selector25s_ksetRenderTargetHeight_E"
1089	53	71349	6211173	"__ZN3MTL7Private8Selector25s_ksetRetainedReferences_E"
1090	53	71403	6211227	"__ZN3MTL7Private8Selector25s_ksetScissorRects_count_E"
1091	53	71457	6211281	"__ZN3MTL7Private8Selector25s_ksetStencilStoreAction_E"
1092	53	71511	6211335	"__ZN3MTL7Private8Selector25s_ksetStoreActionOptions_E"
1093	53	71565	6211389	"__ZN3MTL7Private8Selector25s_ksetTextures_withRange_E"
1094	53	71619	6211443	"__ZN3MTL7Private8Selector25s_ksetVertexBufferOffset_E"
1095	53	71673	6211497	"__ZN3MTL7Private8Selector25s_ksourceAlphaBlendFactorE"
1096	53	71727	6211551	"__ZN3MTL7Private8Selector25s_kstartCaptureWithScope_E"
1097	53	71781	6211605	"__ZN3MTL7Private8Selector25s_kstencilCompareFunctionE"
1098	53	71835	6211659	"__ZN3MTL7Private8Selector25s_ksupportArgumentBuffersE"
1099	53	71889	6211713	"__ZN3MTL7Private8Selector25s_ktileFunctionDescriptorE"
1100	53	71943	6211767	"__ZN3MTL7Private8Selector25s_kuseHeaps_count_stages_E"
1101	53	71997	6211821	"__ZN3MTL7Private8Selector25s_kvisibilityResultBufferE"
1102	53	144921	6284745	"_NSProcessInfoPerformanceProfileDidChangeNotification"
1103	53	155299	6295123	"__ZNSt3__114basic_iostreamIcNS_11char_traitsIcEEED0Ev"
1104	53	155353	6295177	"__ZNSt3__114basic_iostreamIcNS_11char_traitsIcEEED1Ev"
1105	53	155407	6295231	"__ZNSt3__114basic_iostreamIcNS_11char_traitsIcEEED2Ev"
1106	52	4865	6144689	"_MLNMissingLocationServicesUsageDescriptionException"
1107	52	4951	6144775	"_MLNOfflinePackMaximumMapboxTilesReachedNotification"
1108	52	12503	6152327	"_OBJC_METACLASS_$_MLNRoadFeatureAccessibilityElement"
1109	52	13252	6153076	"_OBJC_METACLASS_$_MLNUserLocationAnnotationViewStyle"
1110	52	15381	6155205	"__ZN2CA7Private8Selector25s_ksetDisplaySyncEnabled_E"
1111	52	21727	6161551	"__ZN2NS7Private8Selector25s_kdescriptionWithLocale_E"
1112	52	21780	6161604	"__ZN2NS7Private8Selector25s_khasPerformanceProfile_E"
1113	52	21833	6161657	"__ZN2NS7Private8Selector25s_kinitWithObjects_count_E"
1114	52	21886	6161710	"__ZN2NS7Private8Selector25s_kinitWithUnsignedShort_E"
1115	52	21939	6161763	"__ZN2NS7Private8Selector25s_klocalizedFailureReasonE"
1116	52	21992	6161816	"__ZN2NS7Private8Selector25s_knumberWithUnsignedInt_E"
1117	52	22045	6161869	"__ZN2NS7Private8Selector25s_koperatingSystemVersionE"
1118	52	22098	6161922	"__ZN2NS7Private8Selector25s_krangeOfString_options_E"
1119	52	27969	6167793	"__ZN3MTL7Private5Class27s_kMTL4CommandBufferOptionsE"
1120	52	28022	6167846	"__ZN3MTL7Private5Class27s_kMTL4RenderPassDescriptorE"
1121	52	28075	6167899	"__ZN3MTL7Private5Class27s_kMTLComputePassDescriptorE"
1122	52	28128	6167952	"__ZN3MTL7Private5Class27s_kMTLTextureViewDescriptorE"
1123	52	37410	6177234	"__ZN3MTL7Private8Protocol24s_kMTLBlitCommandEncoderE"
1124	52	37463	6177287	"__ZN3MTL7Private8Protocol24s_kMTLThreadgroupBindingE"
1125	52	67448	6207272	"__ZN3MTL7Private8Selector24s_kaddAllocations_count_E"
1126	52	67501	6207325	"__ZN3MTL7Private8Selector24s_kaddDebugMarker_range_E"
1127	52	67554	6207378	"__ZN3MTL7Private8Selector24s_kbinaryLinkedFunctionsE"
1128	52	67607	6207431	"__ZN3MTL7Private8Selector24s_kcommit_count_options_E"
1129	52	67660	6207484	"__ZN3MTL7Private8Selector24s_kcomputeCommandEncoderE"
1130	52	67713	6207537	"__ZN3MTL7Private8Selector24s_kcomputePassDescriptorE"
1131	52	67766	6207590	"__ZN3MTL7Private8Selector24s_kdepthFailureOperationE"
1132	52	67819	6207643	"__ZN3MTL7Private8Selector24s_kintermediatesHeapSizeE"
1133	52	67872	6207696	"__ZN3MTL7Private8Selector24s_kmaxCommandBufferCountE"
1134	52	67925	6207749	"__ZN3MTL7Private8Selector24s_kmaxTessellationFactorE"
1135	52	67978	6207802	"__ZN3MTL7Private8Selector24s_kmeshLinkingDescriptorE"
1136	52	68031	6207855	"__ZN3MTL7Private8Selector24s_kmotionStartBorderModeE"
1137	52	68084	6207908	"__ZN3MTL7Private8Selector24s_kmotionTransformBufferE"
1138	52	68137	6207961	"__ZN3MTL7Private8Selector24s_kmotionTransformStrideE"
1139	52	68190	6208014	"__ZN3MTL7Private8Selector24s_knormalizedCoordinatesE"
1140	52	68243	6208067	"__ZN3MTL7Private8Selector24s_kobjectLinkedFunctionsE"
1141	52	68296	6208120	"__ZN3MTL7Private8Selector24s_kobjectPayloadDataSizeE"
1142	52	68349	6208173	"__ZN3MTL7Private8Selector24s_kphysicalSizeForLayer_E"
1143	52	68402	6208226	"__ZN3MTL7Private8Selector24s_kremoveAllDebugMarkersE"
1144	52	68455	6208279	"__ZN3MTL7Private8Selector24s_kserializeToURL_error_E"
1145	52	68508	6208332	"__ZN3MTL7Private8Selector24s_ksetAlphaToOneEnabled_E"
1146	52	68561	6208385	"__ZN3MTL7Private8Selector24s_ksetBoundingBoxBuffer_E"
1147	52	68614	6208438	"__ZN3MTL7Private8Selector24s_ksetBoundingBoxStride_E"
1148	52	68667	6208491	"__ZN3MTL7Private8Selector24s_ksetControlPointCount_E"
1149	52	68720	6208544	"__ZN3MTL7Private8Selector24s_ksetDepthStencilState_E"
1150	52	68773	6208597	"__ZN3MTL7Private8Selector24s_ksetDepthWriteEnabled_E"
1151	52	68826	6208650	"__ZN3MTL7Private8Selector24s_ksetIndexBufferOffset_E"
1152	52	68879	6208703	"__ZN3MTL7Private8Selector24s_ksetMaxCallStackDepth_E"
1153	52	68932	6208756	"__ZN3MTL7Private8Selector24s_ksetOptimizationLevel_E"
1154	52	68985	6208809	"__ZN3MTL7Private8Selector24s_ksetOwnerWithIdentity_E"
1155	52	69038	6208862	"__ZN3MTL7Private8Selector24s_ksetRasterSampleCount_E"
1156	52	69091	6208915	"__ZN3MTL7Private8Selector24s_ksetRenderTargetWidth_E"
1157	52	69144	6208968	"__ZN3MTL7Private8Selector24s_ksetResolveDepthPlane_E"
1158	52	69197	6209021	"__ZN3MTL7Private8Selector24s_ksetResourceViewCount_E"
1159	52	69250	6209074	"__ZN3MTL7Private8Selector24s_ksetRgbBlendOperation_E"
1160	52	69303	6209127	"__ZN3MTL7Private8Selector24s_ksetStencilAttachment_E"
1161	52	69356	6209180	"__ZN3MTL7Private8Selector24s_ksetSupportRayTracing_E"
1162	52	69409	6209233	"__ZN3MTL7Private8Selector24s_ksparseTileSizeInBytesE"
1163	52	69462	6209286	"__ZN3MTL7Private8Selector24s_ktileLinkingDescriptorE"
1164	52	69515	6209339	"__ZN3MTL7Private8Selector24s_kvertexLinkedFunctionsE"
1165	52	69568	6209392	"__ZN3MTL7Private8Selector24s_kverticalSampleStorageE"
1166	52	150558	6290382	"__ZNKSt3__120__codecvt_utf8_utf16IDsE11do_encodingEv"
1167	52	154264	6294088	"__ZNSt3__113basic_istreamIcNS_11char_traitsIcEEED0Ev"
1168	52	154317	6294141	"__ZNSt3__113basic_istreamIcNS_11char_traitsIcEEED1Ev"
1169	52	154370	6294194	"__ZNSt3__113basic_istreamIcNS_11char_traitsIcEEED2Ev"
1170	52	154658	6294482	"__ZNSt3__113basic_ostreamIcNS_11char_traitsIcEEED0Ev"
1171	52	154711	6294535	"__ZNSt3__113basic_ostreamIcNS_11char_traitsIcEEED1Ev"
1172	52	154764	6294588	"__ZNSt3__113basic_ostreamIcNS_11char_traitsIcEEED2Ev"
1173	52	154897	6294721	"__ZNSt3__113basic_ostreamIcNS_11char_traitsIcEEElsEd"
1174	52	154950	6294774	"__ZNSt3__113basic_ostreamIcNS_11char_traitsIcEEElsEi"
1175	52	155003	6294827	"__ZNSt3__113basic_ostreamIcNS_11char_traitsIcEEElsEj"
1176	52	155056	6294880	"__ZNSt3__113basic_ostreamIcNS_11char_traitsIcEEElsEm"
1177	52	155109	6294933	"__ZNSt3__113basic_ostreamIcNS_11char_traitsIcEEElsEt"
1178	52	155162	6294986	"__ZNSt3__113basic_ostreamIcNS_11char_traitsIcEEElsEx"
1179	52	155215	6295039	"__ZNSt3__113basic_ostreamIcNS_11char_traitsIcEEElsEy"
1180	51	13521	6153345	"_ProcessInfoPerformanceProfileDidChangeNotification"
1181	51	21415	6161239	"__ZN2NS7Private8Selector24s_kcStringUsingEncoding_E"
1182	51	21467	6161291	"__ZN2NS7Private8Selector24s_kinitWithUnsignedChar_E"
1183	51	21519	6161343	"__ZN2NS7Private8Selector24s_kinitWithUnsignedLong_E"
1184	51	21571	6161395	"__ZN2NS7Private8Selector24s_kisLowPowerModeEnabledE"
1185	51	21623	6161447	"__ZN2NS7Private8Selector24s_kprivateFrameworksPathE"
1186	51	21675	6161499	"__ZN2NS7Private8Selector24s_kunsignedLongLongValueE"
1187	51	27813	6167637	"__ZN3MTL7Private5Class26s_kMTL4CompilerTaskOptionsE"
1188	51	27865	6167689	"__ZN3MTL7Private5Class26s_kMTLRenderPassDescriptorE"
1189	51	27917	6167741	"__ZN3MTL7Private5Class26s_kMTLTextureReferenceTypeE"
1190	51	37306	6177130	"__ZN3MTL7Private8Protocol23s_kMTL4CommandAllocatorE"
1191	51	37358	6177182	"__ZN3MTL7Private8Protocol23s_kMTLDepthStencilStateE"
1192	51	65056	6204880	"__ZN3MTL7Private8Selector23s_kaddCompletedHandler_E"
1193	51	65108	6204932	"__ZN3MTL7Private8Selector23s_kaddPresentedHandler_E"
1194	51	65160	6204984	"__ZN3MTL7Private8Selector23s_kaddScheduledHandler_E"
1195	51	65212	6205036	"__ZN3MTL7Private8Selector23s_kalphaToCoverageStateE"
1196	51	65264	6205088	"__ZN3MTL7Private8Selector23s_kconstantDataAtIndex_E"
1197	51	65316	6205140	"__ZN3MTL7Private8Selector23s_kcurrentAllocatedSizeE"
1198	51	65368	6205192	"__ZN3MTL7Private8Selector23s_kdepthCompareFunctionE"
1199	51	65420	6205244	"__ZN3MTL7Private8Selector23s_kinheritDepthClipModeE"
1200	51	65472	6205296	"__ZN3MTL7Private8Selector23s_kinheritPipelineStateE"
1201	51	65524	6205348	"__ZN3MTL7Private8Selector23s_kinitWithRank_values_E"
1202	51	65576	6205400	"__ZN3MTL7Private8Selector23s_kinitWithSampleCount_E"
1203	51	65628	6205452	"__ZN3MTL7Private8Selector23s_kinsertDebugSignpost_E"
1204	51	65680	6205504	"__ZN3MTL7Private8Selector23s_kmotionTransformCountE"
1205	51	65732	6205556	"__ZN3MTL7Private8Selector23s_knewFunctionWithName_E"
1206	51	65784	6205608	"__ZN3MTL7Private8Selector23s_knewSharedEventHandleE"
1207	51	65836	6205660	"__ZN3MTL7Private8Selector23s_krasterizationRateMapE"
1208	51	65888	6205712	"__ZN3MTL7Private8Selector23s_kremoteStorageTextureE"
1209	51	65940	6205764	"__ZN3MTL7Private8Selector23s_kremoveAllAllocationsE"
1210	51	65992	6205816	"__ZN3MTL7Private8Selector23s_krenderCommandEncoderE"
1211	51	66044	6205868	"__ZN3MTL7Private8Selector23s_krenderPassDescriptorE"
1212	51	66096	6205920	"__ZN3MTL7Private8Selector23s_kresolveCounterRange_E"
1213	51	66148	6205972	"__ZN3MTL7Private8Selector23s_ksetBoundingBoxCount_E"
1214	51	66200	6206024	"__ZN3MTL7Private8Selector23s_ksetDepthStoreAction_E"
1215	51	66252	6206076	"__ZN3MTL7Private8Selector23s_ksetFragmentFunction_E"
1216	51	66304	6206128	"__ZN3MTL7Private8Selector23s_ksetFrontFaceStencil_E"
1217	51	66356	6206180	"__ZN3MTL7Private8Selector23s_ksetFunction_atIndex_E"
1218	51	66408	6206232	"__ZN3MTL7Private8Selector23s_ksetIndexBufferIndex_E"
1219	51	66460	6206284	"__ZN3MTL7Private8Selector23s_ksetInheritDepthBias_E"
1220	51	66512	6206336	"__ZN3MTL7Private8Selector23s_ksetMaxInstanceCount_E"
1221	51	66564	6206388	"__ZN3MTL7Private8Selector23s_ksetMipmapLevelCount_E"
1222	51	66616	6206440	"__ZN3MTL7Private8Selector23s_ksetPrivateFunctions_E"
1223	51	66668	6206492	"__ZN3MTL7Private8Selector23s_ksetShaderReflection_E"
1224	51	66720	6206544	"__ZN3MTL7Private8Selector23s_ksetShaderValidation_E"
1225	51	66772	6206596	"__ZN3MTL7Private8Selector23s_ksetTriangleFillMode_E"
1226	51	66824	6206648	"__ZN3MTL7Private8Selector23s_ksetVertexDescriptor_E"
1227	51	66876	6206700	"__ZN3MTL7Private8Selector23s_ksharedCaptureManagerE"
1228	51	66928	6206752	"__ZN3MTL7Private8Selector23s_ksourceRGBBlendFactorE"
1229	51	66980	6206804	"__ZN3MTL7Private8Selector23s_kstageInputAttributesE"
1230	51	67032	6206856	"__ZN3MTL7Private8Selector23s_kstageInputDescriptorE"
1231	51	67084	6206908	"__ZN3MTL7Private8Selector23s_kstencilResolveFilterE"
1232	51	67136	6206960	"__ZN3MTL7Private8Selector23s_ksupportBinaryLinkingE"
1233	51	67188	6207012	"__ZN3MTL7Private8Selector23s_ksupportsDestination_E"
1234	51	67240	6207064	"__ZN3MTL7Private8Selector23s_ksynchronizeResource_E"
1235	51	67292	6207116	"__ZN3MTL7Private8Selector23s_ktextureReferenceTypeE"
1236	51	67344	6207168	"__ZN3MTL7Private8Selector23s_kthreadExecutionWidthE"
1237	51	67396	6207220	"__ZN3MTL7Private8Selector23s_kvisibilityResultTypeE"
1238	50	5607	6145431	"_MLNShapeSourceOptionMaximumZoomLevelForClustering"
1239	50	12601	6152425	"_OBJC_METACLASS_$_MLNSMCalloutMaskedBackgroundView"
1240	50	13305	6153129	"_OBJC_METACLASS_$_MLNUserLocationHeadingArrowLayer"
1241	50	15330	6155154	"__ZN2CA7Private8Selector23s_kmaximumDrawableCountE"
1242	50	21007	6160831	"__ZN2NS7Private8Selector23s_kactiveProcessorCountE"
1243	50	21058	6160882	"__ZN2NS7Private8Selector23s_kgloballyUniqueStringE"
1244	50	21109	6160933	"__ZN2NS7Private8Selector23s_kinitFileURLWithPath_E"
1245	50	21160	6160984	"__ZN2NS7Private8Selector23s_kinitWithUnsignedInt_E"
1246	50	21211	6161035	"__ZN2NS7Private8Selector23s_klocalizedDescriptionE"
1247	50	21262	6161086	"__ZN2NS7Private8Selector23s_kprivateFrameworksURLE"
1248	50	21313	6161137	"__ZN2NS7Private8Selector23s_ksharedFrameworksPathE"
1249	50	21364	6161188	"__ZN2NS7Private8Selector23s_kunsignedIntegerValueE"
1250	50	27456	6167280	"__ZN3MTL7Private5Class25s_kMTL4CompilerDescriptorE"
1251	50	27507	6167331	"__ZN3MTL7Private5Class25s_kMTL4FunctionDescriptorE"
1252	50	27558	6167382	"__ZN3MTL7Private5Class25s_kMTL4PipelineDescriptorE"
1253	50	27609	6167433	"__ZN3MTL7Private5Class25s_kMTLAttributeDescriptorE"
1254	50	27660	6167484	"__ZN3MTL7Private5Class25s_kMTLSharedEventListenerE"
1255	50	27711	6167535	"__ZN3MTL7Private5Class25s_kMTLSharedTextureHandleE"
1256	50	27762	6167586	"__ZN3MTL7Private5Class25s_kMTLTensorReferenceTypeE"
1257	50	37255	6177079	"__ZN3MTL7Private8Protocol22s_kMTLResourceViewPoolE"
1258	50	62455	6202279	"__ZN3MTL7Private8Selector22s_kaddFeedbackHandler_E"
1259	50	62506	6202330	"__ZN3MTL7Private8Selector22s_kalphaBlendOperationE"
1260	50	62557	6202381	"__ZN3MTL7Private8Selector22s_kargumentIndexStrideE"
1261	50	62608	6202432	"__ZN3MTL7Private8Selector22s_kcontainsAllocation_E"
1262	50	62659	6202483	"__ZN3MTL7Private8Selector22s_kcontrolDependenciesE"
1263	50	62710	6202534	"__ZN3MTL7Private8Selector22s_kcontrolPointBuffersE"
1264	50	62761	6202585	"__ZN3MTL7Private8Selector22s_kdefaultCaptureScopeE"
1265	50	62812	6202636	"__ZN3MTL7Private8Selector22s_kfunctionDescriptorsE"
1266	50	62863	6202687	"__ZN3MTL7Private8Selector22s_kgeometryDescriptorsE"
1267	50	62914	6202738	"__ZN3MTL7Private8Selector22s_kinstanceCountBufferE"
1268	50	62965	6202789	"__ZN3MTL7Private8Selector22s_kisAlphaToOneEnabledE"
1269	50	63016	6202840	"__ZN3MTL7Private8Selector22s_kisDepthWriteEnabledE"
1270	50	63067	6202891	"__ZN3MTL7Private8Selector22s_kmaxCommandsInFlightE"
1271	50	63118	6202942	"__ZN3MTL7Private8Selector22s_kmaxTextureBindCountE"
1272	50	63169	6202993	"__ZN3MTL7Private8Selector22s_kmeshLinkedFunctionsE"
1273	50	63220	6203044	"__ZN3MTL7Private8Selector22s_kmotionEndBorderModeE"
1274	50	63271	6203095	"__ZN3MTL7Private8Selector22s_kmotionKeyframeCountE"
1275	50	63322	6203146	"__ZN3MTL7Private8Selector22s_kmotionTransformTypeE"
1276	50	63373	6203197	"__ZN3MTL7Private8Selector22s_knewCommandAllocatorE"
1277	50	63424	6203248	"__ZN3MTL7Private8Selector22s_knewMTL4CommandQueueE"
1278	50	63475	6203299	"__ZN3MTL7Private8Selector22s_kparentRelativeLevelE"
1279	50	63526	6203350	"__ZN3MTL7Private8Selector22s_kparentRelativeSliceE"
1280	50	63577	6203401	"__ZN3MTL7Private8Selector22s_kpayloadMemoryLengthE"
1281	50	63628	6203452	"__ZN3MTL7Private8Selector22s_kphysicalGranularityE"
1282	50	63679	6203503	"__ZN3MTL7Private8Selector22s_kprimitiveDataBufferE"
1283	50	63730	6203554	"__ZN3MTL7Private8Selector22s_kprimitiveDataStrideE"
1284	50	63781	6203605	"__ZN3MTL7Private8Selector22s_kremoteStorageBufferE"
1285	50	63832	6203656	"__ZN3MTL7Private8Selector22s_kremoveResidencySet_E"
1286	50	63883	6203707	"__ZN3MTL7Private8Selector22s_ksetAddress_atIndex_E"
1287	50	63934	6203758	"__ZN3MTL7Private8Selector22s_ksetAlphaToOneState_E"
1288	50	63985	6203809	"__ZN3MTL7Private8Selector22s_ksetBackFaceStencil_E"
1289	50	64036	6203860	"__ZN3MTL7Private8Selector22s_ksetBinaryFunctions_E"
1290	50	64087	6203911	"__ZN3MTL7Private8Selector22s_ksetBlendingEnabled_E"
1291	50	64138	6203962	"__ZN3MTL7Private8Selector22s_ksetCompareFunction_E"
1292	50	64189	6204013	"__ZN3MTL7Private8Selector22s_ksetCompressionType_E"
1293	50	64240	6204064	"__ZN3MTL7Private8Selector22s_ksetComputeFunction_E"
1294	50	64291	6204115	"__ZN3MTL7Private8Selector22s_ksetDepthAttachment_E"
1295	50	64342	6204166	"__ZN3MTL7Private8Selector22s_ksetFastMathEnabled_E"
1296	50	64393	6204217	"__ZN3MTL7Private8Selector22s_ksetInheritCullMode_E"
1297	50	64444	6204268	"__ZN3MTL7Private8Selector22s_ksetInitialCapacity_E"
1298	50	64495	6204319	"__ZN3MTL7Private8Selector22s_ksetInsertLibraries_E"
1299	50	64546	6204370	"__ZN3MTL7Private8Selector22s_ksetLanguageVersion_E"
1300	50	64597	6204421	"__ZN3MTL7Private8Selector22s_ksetLinkedFunctions_E"
1301	50	64648	6204472	"__ZN3MTL7Private8Selector22s_ksetMotionStartTime_E"
1302	50	64699	6204523	"__ZN3MTL7Private8Selector22s_ksetResourceOptions_E"
1303	50	64750	6204574	"__ZN3MTL7Private8Selector22s_ksetSpecializedName_E"
1304	50	64801	6204625	"__ZN3MTL7Private8Selector22s_ksetTexture_atIndex_E"
1305	50	64852	6204676	"__ZN3MTL7Private8Selector22s_ksetViewports_count_E"
1306	50	64903	6204727	"__ZN3MTL7Private8Selector22s_ksupportsFeatureSet_E"
1307	50	64954	6204778	"__ZN3MTL7Private8Selector22s_ktensorReferenceTypeE"
1308	50	65005	6204829	"__ZN3MTL7Private8Selector22s_kwaitForEvent_value_E"
1309	50	143473	6283297	"_MTLCommonCounterPostTessellationVertexInvocations"
1310	50	156805	6296629	"__ZNSt3__119__shared_mutex_base15try_lock_sharedEv"
1311	49	7843	6147667	"_OBJC_CLASS_$_MLNMapViewProxyAccessibilityElement"
1312	49	8227	6148051	"_OBJC_CLASS_$_MLNPlaceFeatureAccessibilityElement"
1313	49	13356	6153180	"_OBJC_METACLASS_$_MLNUserLocationHeadingBeamLayer"
1314	49	15280	6155104	"__ZN2CA7Private8Selector22s_ksetFramebufferOnly_E"
1315	49	20807	6160631	"__ZN2NS7Private8Selector22s_kloadAndReturnError_E"
1316	49	20857	6160681	"__ZN2NS7Private8Selector22s_knumberWithLongLong_E"
1317	49	20907	6160731	"__ZN2NS7Private8Selector22s_krespondsToSelector_E"
1318	49	20957	6160781	"__ZN2NS7Private8Selector22s_ksharedFrameworksURLE"
1319	49	27106	6166930	"__ZN3MTL7Private5Class24s_kMTL4LibraryDescriptorE"
1320	49	27156	6166980	"__ZN3MTL7Private5Class24s_kMTLArgumentDescriptorE"
1321	49	27206	6167030	"__ZN3MTL7Private5Class24s_kMTLBlitPassDescriptorE"
1322	49	27256	6167080	"__ZN3MTL7Private5Class24s_kMTLFunctionDescriptorE"
1323	49	27306	6167130	"__ZN3MTL7Private5Class24s_kMTLFunctionReflectionE"
1324	49	27356	6167180	"__ZN3MTL7Private5Class24s_kMTLLogStateDescriptorE"
1325	49	27406	6167230	"__ZN3MTL7Private5Class24s_kMTLMotionKeyframeDataE"
1326	49	36905	6176729	"__ZN3MTL7Private8Protocol21s_kMTL4BinaryFunctionE"
1327	49	36955	6176779	"__ZN3MTL7Private8Protocol21s_kMTL4CommandEncoderE"
1328	49	37005	6176829	"__ZN3MTL7Private8Protocol21s_kMTL4CommitFeedbackE"
1329	49	37055	6176879	"__ZN3MTL7Private8Protocol21s_kMTLArgumentEncoderE"
1330	49	37105	6176929	"__ZN3MTL7Private8Protocol21s_kMTLIOCommandBufferE"
1331	49	37155	6176979	"__ZN3MTL7Private8Protocol21s_kMTLIOScratchBufferE"
1332	49	37205	6177029	"__ZN3MTL7Private8Protocol21s_kMTLTextureViewPoolE"
1333	49	60655	6200479	"__ZN3MTL7Private8Selector21s_kargumentDescriptorE"
1334	49	60705	6200529	"__ZN3MTL7Private8Selector21s_kblitCommandEncoderE"
1335	49	60755	6200579	"__ZN3MTL7Private8Selector21s_kblitPassDescriptorE"
1336	49	60805	6200629	"__ZN3MTL7Private8Selector21s_kboundingBoxBuffersE"
1337	49	60855	6200679	"__ZN3MTL7Private8Selector21s_kcontrolPointBufferE"
1338	49	60905	6200729	"__ZN3MTL7Private8Selector21s_kcontrolPointFormatE"
1339	49	60955	6200779	"__ZN3MTL7Private8Selector21s_kcontrolPointStrideE"
1340	49	61005	6200829	"__ZN3MTL7Private8Selector21s_kdepthResolveFilterE"
1341	49	61055	6200879	"__ZN3MTL7Private8Selector21s_kelementPointerTypeE"
1342	49	61105	6200929	"__ZN3MTL7Private8Selector21s_kfunctionDescriptorE"
1343	49	61155	6200979	"__ZN3MTL7Private8Selector21s_khazardTrackingModeE"
1344	49	61205	6201029	"__ZN3MTL7Private8Selector21s_kinitializeBindingsE"
1345	49	61255	6201079	"__ZN3MTL7Private8Selector21s_kmaxBufferBindCountE"
1346	49	61305	6201129	"__ZN3MTL7Private8Selector21s_kpreloadedLibrariesE"
1347	49	61355	6201179	"__ZN3MTL7Private8Selector21s_kpreprocessorMacrosE"
1348	49	61405	6201229	"__ZN3MTL7Private8Selector21s_kpreserveInvarianceE"
1349	49	61455	6201279	"__ZN3MTL7Private8Selector21s_kradiusBufferOffsetE"
1350	49	61505	6201329	"__ZN3MTL7Private8Selector21s_krenderTargetHeightE"
1351	49	61555	6201379	"__ZN3MTL7Private8Selector21s_kretainedReferencesE"
1352	49	61605	6201429	"__ZN3MTL7Private8Selector21s_ksetBinaryArchives_E"
1353	49	61655	6201479	"__ZN3MTL7Private8Selector21s_ksetConstantValues_E"
1354	49	61705	6201529	"__ZN3MTL7Private8Selector21s_ksetFunctionGraphs_E"
1355	49	61755	6201579	"__ZN3MTL7Private8Selector21s_ksetInheritBuffers_E"
1356	49	61805	6201629	"__ZN3MTL7Private8Selector21s_ksetLookupArchives_E"
1357	49	61855	6201679	"__ZN3MTL7Private8Selector21s_ksetObjectFunction_E"
1358	49	61905	6201729	"__ZN3MTL7Private8Selector21s_ksetPurgeableState_E"
1359	49	61955	6201779	"__ZN3MTL7Private8Selector21s_ksetResolveTexture_E"
1360	49	62005	6201829	"__ZN3MTL7Private8Selector21s_ksetSparsePageSize_E"
1361	49	62055	6201879	"__ZN3MTL7Private8Selector21s_ksetVertexFunction_E"
1362	49	62105	6201929	"__ZN3MTL7Private8Selector21s_ksignalEvent_value_E"
1363	49	62155	6201979	"__ZN3MTL7Private8Selector21s_kstoreActionOptionsE"
1364	49	62205	6202029	"__ZN3MTL7Private8Selector21s_ksupportsRaytracingE"
1365	49	62255	6202079	"__ZN3MTL7Private8Selector21s_kuseResource_usage_E"
1366	49	62305	6202129	"__ZN3MTL7Private8Selector21s_kvertexBufferOffsetE"
1367	49	62355	6202179	"__ZN3MTL7Private8Selector21s_kwaitUntilCompletedE"
1368	49	62405	6202229	"__ZN3MTL7Private8Selector21s_kwaitUntilScheduledE"
1369	49	149160	6288984	"_UIApplicationDidReceiveMemoryWarningNotification"
1370	49	156972	6296796	"__ZNSt3__119__shared_weak_count14__release_weakEv"
1371	48	8875	6148699	"_OBJC_CLASS_$_MLNRoadFeatureAccessibilityElement"
1372	48	9544	6149368	"_OBJC_CLASS_$_MLNUserLocationAnnotationViewStyle"
1373	48	10595	6150419	"_OBJC_METACLASS_$_MLNFeatureAccessibilityElement"
1374	48	15231	6155055	"__ZN2CA7Private8Selector21s_kdisplaySyncEnabledE"
1375	48	20611	6160435	"__ZN2NS7Private8Selector21s_kappStoreReceiptURLE"
1376	48	20660	6160484	"__ZN2NS7Private8Selector21s_kbuiltInPlugInsPathE"
1377	48	20709	6160533	"__ZN2NS7Private8Selector21s_kisDeviceCertified_E"
1378	48	20758	6160582	"__ZN2NS7Private8Selector21s_kunsignedShortValueE"
1379	48	25917	6165741	"__ZN3MTL35IOFlushAndDestroyCompressionContextEPv"
1380	48	25966	6165790	"__ZN3MTL36IOCompressionContextDefaultChunkSizeEv"
1381	48	26861	6166685	"__ZN3MTL7Private5Class23s_kMTLCaptureDescriptorE"
1382	48	26910	6166734	"__ZN3MTL7Private5Class23s_kMTLSamplerDescriptorE"
1383	48	26959	6166783	"__ZN3MTL7Private5Class23s_kMTLSharedEventHandleE"
1384	48	27008	6166832	"__ZN3MTL7Private5Class23s_kMTLStencilDescriptorE"
1385	48	27057	6166881	"__ZN3MTL7Private5Class23s_kMTLTextureDescriptorE"
1386	48	36562	6176386	"__ZN3MTL7Private8Protocol20s_kMTL4ArgumentTableE"
1387	48	36611	6176435	"__ZN3MTL7Private8Protocol20s_kMTL4CommandBufferE"
1388	48	36660	6176484	"__ZN3MTL7Private8Protocol20s_kMTLCommandEncoderE"
1389	48	36709	6176533	"__ZN3MTL7Private8Protocol20s_kMTLDynamicLibraryE"
1390	48	36758	6176582	"__ZN3MTL7Private8Protocol20s_kMTLFunctionHandleE"
1391	48	36807	6176631	"__ZN3MTL7Private8Protocol20s_kMTLIOCommandQueueE"
1392	48	36856	6176680	"__ZN3MTL7Private8Protocol20s_kMTLTextureBindingE"
1393	48	58450	6198274	"__ZN3MTL7Private8Selector20s_kboundingBoxBufferE"
1394	48	58499	6198323	"__ZN3MTL7Private8Selector20s_kboundingBoxStrideE"
1395	48	58548	6198372	"__ZN3MTL7Private8Selector20s_kbufferBytesPerRowE"
1396	48	58597	6198421	"__ZN3MTL7Private8Selector20s_kbufferPointerTypeE"
1397	48	58646	6198470	"__ZN3MTL7Private8Selector20s_kcontrolPointCountE"
1398	48	58695	6198519	"__ZN3MTL7Private8Selector20s_kelementStructTypeE"
1399	48	58744	6198568	"__ZN3MTL7Private8Selector20s_kfirstMipmapInTailE"
1400	48	58793	6198617	"__ZN3MTL7Private8Selector20s_kfragmentArgumentsE"
1401	48	58842	6198666	"__ZN3MTL7Private8Selector20s_kindexBufferOffsetE"
1402	48	58891	6198715	"__ZN3MTL7Private8Selector20s_kisBlendingEnabledE"
1403	48	58940	6198764	"__ZN3MTL7Private8Selector20s_kisFramebufferOnlyE"
1404	48	58989	6198813	"__ZN3MTL7Private8Selector20s_kmaxCallStackDepthE"
1405	48	59038	6198862	"__ZN3MTL7Private8Selector20s_knewDefaultLibraryE"
1406	48	59087	6198911	"__ZN3MTL7Private8Selector20s_koptimizationLevelE"
1407	48	59136	6198960	"__ZN3MTL7Private8Selector20s_krasterSampleCountE"
1408	48	59185	6199009	"__ZN3MTL7Private8Selector20s_kremoveAllocation_E"
1409	48	59234	6199058	"__ZN3MTL7Private8Selector20s_krenderTargetWidthE"
1410	48	59283	6199107	"__ZN3MTL7Private8Selector20s_kresolveDepthPlaneE"
1411	48	59332	6199156	"__ZN3MTL7Private8Selector20s_kresourceViewCountE"
1412	48	59381	6199205	"__ZN3MTL7Private8Selector20s_krgbBlendOperationE"
1413	48	59430	6199254	"__ZN3MTL7Private8Selector20s_ksetArgumentIndex_E"
1414	48	59479	6199303	"__ZN3MTL7Private8Selector20s_ksetArgumentTable_E"
1415	48	59528	6199352	"__ZN3MTL7Private8Selector20s_ksetBlendingState_E"
1416	48	59577	6199401	"__ZN3MTL7Private8Selector20s_ksetCaptureObject_E"
1417	48	59626	6199450	"__ZN3MTL7Private8Selector20s_ksetConfiguration_E"
1418	48	59675	6199499	"__ZN3MTL7Private8Selector20s_ksetDepthClipMode_E"
1419	48	59724	6199548	"__ZN3MTL7Private8Selector20s_ksetEnableLogging_E"
1420	48	59773	6199597	"__ZN3MTL7Private8Selector20s_ksetFeedbackQueue_E"
1421	48	59822	6199646	"__ZN3MTL7Private8Selector20s_ksetFunctionCount_E"
1422	48	59871	6199695	"__ZN3MTL7Private8Selector20s_ksetFunctionGraph_E"
1423	48	59920	6199744	"__ZN3MTL7Private8Selector20s_ksetInstanceCount_E"
1424	48	59969	6199793	"__ZN3MTL7Private8Selector20s_ksetLayer_atIndex_E"
1425	48	60018	6199842	"__ZN3MTL7Private8Selector20s_ksetMaxAnisotropy_E"
1426	48	60067	6199891	"__ZN3MTL7Private8Selector20s_ksetMotionEndTime_E"
1427	48	60116	6199940	"__ZN3MTL7Private8Selector20s_ksetPipelineState_E"
1428	48	60165	6199989	"__ZN3MTL7Private8Selector20s_ksetRadiusBuffers_E"
1429	48	60214	6200038	"__ZN3MTL7Private8Selector20s_ksetReductionMode_E"
1430	48	60263	6200087	"__ZN3MTL7Private8Selector20s_ksetSignaledValue_E"
1431	48	60312	6200136	"__ZN3MTL7Private8Selector20s_ksetStageInRegion_E"
1432	48	60361	6200185	"__ZN3MTL7Private8Selector20s_ksetTriangleCount_E"
1433	48	60410	6200234	"__ZN3MTL7Private8Selector20s_ksetVertexBuffers_E"
1434	48	60459	6200283	"__ZN3MTL7Private8Selector20s_ksparseTextureTierE"
1435	48	60508	6200332	"__ZN3MTL7Private8Selector20s_kstencilAttachmentE"
1436	48	60557	6200381	"__ZN3MTL7Private8Selector20s_ksupportRayTracingE"
1437	48	60606	6200430	"__ZN3MTL7Private8Selector20s_ksupports32BitMSAAE"
1438	48	136668	6276492	"_kMLNSMCalloutViewRepositionDelayForUIScrollView"
1439	48	143967	6283791	"_NSBundleResourceRequestLowDiskSpaceNotification"
1440	48	156756	6296580	"__ZNSt3__119__shared_mutex_base13unlock_sharedEv"
1441	47	394	6140218	"_CommonCounterPostTessellationVertexInvocations"
1442	47	13204	6153028	"_OBJC_METACLASS_$_MLNUserLocationAnnotationView"
1443	47	16090	6155914	"__ZN2NS7Private5Class23s_kNSNotificationCenterE"
1444	47	20131	6159955	"__ZN2NS7Private8Selector20s_kbuiltInPlugInsURLE"
1445	47	20179	6160003	"__ZN2NS7Private8Selector20s_kcharacterAtIndex_E"
1446	47	20227	6160051	"__ZN2NS7Private8Selector20s_kinitWithLongLong_E"
1447	47	20275	6160099	"__ZN2NS7Private8Selector20s_knumberWithDouble_E"
1448	47	20323	6160147	"__ZN2NS7Private8Selector20s_kprocessIdentifierE"
1449	47	20371	6160195	"__ZN2NS7Private8Selector20s_ksharedSupportPathE"
1450	47	20419	6160243	"__ZN2NS7Private8Selector20s_kstringWithString_E"
1451	47	20467	6160291	"__ZN2NS7Private8Selector20s_kunsignedCharValueE"
1452	47	20515	6160339	"__ZN2NS7Private8Selector20s_kunsignedLongValueE"
1453	47	20563	6160387	"__ZN2NS7Private8Selector20s_kvalueWithPointer_E"
1454	47	25869	6165693	"__ZN3MTL30IOCompressionContextAppendDataEPvPKvm"
1455	47	26669	6166493	"__ZN3MTL7Private5Class22s_kMTL4PipelineOptionsE"
1456	47	26717	6166541	"__ZN3MTL7Private5Class22s_kMTLFunctionConstantE"
1457	47	26765	6166589	"__ZN3MTL7Private5Class22s_kMTLTensorDescriptorE"
1458	47	26813	6166637	"__ZN3MTL7Private5Class22s_kMTLVertexDescriptorE"
1459	47	36274	6176098	"__ZN3MTL7Private8Protocol19s_kMTL4CommandQueueE"
1460	47	36322	6176146	"__ZN3MTL7Private8Protocol19s_kMTL4CompilerTaskE"
1461	47	36370	6176194	"__ZN3MTL7Private8Protocol19s_kMTLBinaryArchiveE"
1462	47	36418	6176242	"__ZN3MTL7Private8Protocol19s_kMTLBufferBindingE"
1463	47	36466	6176290	"__ZN3MTL7Private8Protocol19s_kMTLCommandBufferE"
1464	47	36514	6176338	"__ZN3MTL7Private8Protocol19s_kMTLTensorBindingE"
1465	47	56146	6195970	"__ZN3MTL7Private8Selector19s_kaddResidencySet_E"
1466	47	56194	6196018	"__ZN3MTL7Private8Selector19s_kboundingBoxCountE"
1467	47	56242	6196066	"__ZN3MTL7Private8Selector19s_kbufferStructTypeE"
1468	47	56290	6196114	"__ZN3MTL7Private8Selector19s_kcolorAttachmentsE"
1469	47	56338	6196162	"__ZN3MTL7Private8Selector19s_kelementArrayTypeE"
1470	47	56386	6196210	"__ZN3MTL7Private8Selector19s_kendCommandBufferE"
1471	47	56434	6196258	"__ZN3MTL7Private8Selector19s_kfragmentBindingsE"
1472	47	56482	6196306	"__ZN3MTL7Private8Selector19s_kfragmentFunctionE"
1473	47	56530	6196354	"__ZN3MTL7Private8Selector19s_kfrontFaceStencilE"
1474	47	56578	6196402	"__ZN3MTL7Private8Selector19s_khasUnifiedMemoryE"
1475	47	56626	6196450	"__ZN3MTL7Private8Selector19s_kindexBufferIndexE"
1476	47	56674	6196498	"__ZN3MTL7Private8Selector19s_kinheritDepthBiasE"
1477	47	56722	6196546	"__ZN3MTL7Private8Selector19s_kmaxInstanceCountE"
1478	47	56770	6196594	"__ZN3MTL7Private8Selector19s_kmipmapLevelCountE"
1479	47	56818	6196642	"__ZN3MTL7Private8Selector19s_knewCommandBufferE"
1480	47	56866	6196690	"__ZN3MTL7Private8Selector19s_kpresentDrawable_E"
1481	47	56914	6196738	"__ZN3MTL7Private8Selector19s_kprivateFunctionsE"
1482	47	56962	6196786	"__ZN3MTL7Private8Selector19s_krequestResidencyE"
1483	47	57010	6196834	"__ZN3MTL7Private8Selector19s_ksetClearStencil_E"
1484	47	57058	6196882	"__ZN3MTL7Private8Selector19s_ksetCommandTypes_E"
1485	47	57106	6196930	"__ZN3MTL7Private8Selector19s_ksetCpuCacheMode_E"
1486	47	57154	6196978	"__ZN3MTL7Private8Selector19s_ksetCurveEndCaps_E"
1487	47	57202	6197026	"__ZN3MTL7Private8Selector19s_ksetDispatchType_E"
1488	47	57250	6197074	"__ZN3MTL7Private8Selector19s_ksetErrorOptions_E"
1489	47	57298	6197122	"__ZN3MTL7Private8Selector19s_ksetFunctionName_E"
1490	47	57346	6197170	"__ZN3MTL7Private8Selector19s_ksetMeshFunction_E"
1491	47	57394	6197218	"__ZN3MTL7Private8Selector19s_ksetRAddressMode_E"
1492	47	57442	6197266	"__ZN3MTL7Private8Selector19s_ksetRadiusBuffer_E"
1493	47	57490	6197314	"__ZN3MTL7Private8Selector19s_ksetRadiusFormat_E"
1494	47	57538	6197362	"__ZN3MTL7Private8Selector19s_ksetRadiusStride_E"
1495	47	57586	6197410	"__ZN3MTL7Private8Selector19s_ksetResolveLevel_E"
1496	47	57634	6197458	"__ZN3MTL7Private8Selector19s_ksetResolveSlice_E"
1497	47	57682	6197506	"__ZN3MTL7Private8Selector19s_ksetSAddressMode_E"
1498	47	57730	6197554	"__ZN3MTL7Private8Selector19s_ksetSampleBuffer_E"
1499	47	57778	6197602	"__ZN3MTL7Private8Selector19s_ksetSegmentCount_E"
1500	47	57826	6197650	"__ZN3MTL7Private8Selector19s_ksetStepFunction_E"
1501	47	57874	6197698	"__ZN3MTL7Private8Selector19s_ksetTAddressMode_E"
1502	47	57922	6197746	"__ZN3MTL7Private8Selector19s_ksetTileFunction_E"
1503	47	57970	6197794	"__ZN3MTL7Private8Selector19s_ksetVertexBuffer_E"
1504	47	58018	6197842	"__ZN3MTL7Private8Selector19s_ksetVertexFormat_E"
1505	47	58066	6197890	"__ZN3MTL7Private8Selector19s_ksetVertexStride_E"
1506	47	58114	6197938	"__ZN3MTL7Private8Selector19s_kshaderReflectionE"
1507	47	58162	6197986	"__ZN3MTL7Private8Selector19s_kshaderValidationE"
1508	47	58210	6198034	"__ZN3MTL7Private8Selector19s_ksparseBufferTierE"
1509	47	58258	6198082	"__ZN3MTL7Private8Selector19s_kuseResidencySet_E"
1510	47	58306	6198130	"__ZN3MTL7Private8Selector19s_kvertexAttributesE"
1511	47	58354	6198178	"__ZN3MTL7Private8Selector19s_kvertexDescriptorE"
1512	47	58402	6198226	"__ZN3MTL7Private8Selector19s_kwaitForDrawable_E"
1513	47	145021	6284845	"_NSProcessInfoThermalStateDidChangeNotification"
1514	47	148685	6288509	"_UIAccessibilityConvertFrameToScreenCoordinates"
1515	47	157556	6297380	"__ZNSt3__16__sortIRNS_6__lessIiiEEPiEEvT0_S5_T_"
1516	47	157604	6297428	"__ZNSt3__16__sortIRNS_6__lessIyyEEPyEEvT0_S5_T_"
1517	47	158440	6298264	"__ZNSt3__19basic_iosIcNS_11char_traitsIcEEED2Ev"
1518	46	52	6139876	"_BundleResourceRequestLowDiskSpaceNotification"
1519	46	8965	6148789	"_OBJC_CLASS_$_MLNSMCalloutMaskedBackgroundView"
1520	46	9593	6149417	"_OBJC_CLASS_$_MLNUserLocationHeadingArrowLayer"
1521	46	10275	6150099	"_OBJC_METACLASS_$_MLNCompassDirectionFormatter"
1522	46	15184	6155008	"__ZN2CA7Private8Selector19s_ksetDrawableSize_E"
1523	46	19567	6159391	"__ZN2NS7Private8Selector19s_karrayWithObject_E"
1524	46	19614	6159438	"__ZN2NS7Private8Selector19s_kbundleIdentifierE"
1525	46	19661	6159485	"__ZN2NS7Private8Selector19s_kdebugDescriptionE"
1526	46	19708	6159532	"__ZN2NS7Private8Selector19s_kfileURLWithPath_E"
1527	46	19755	6159579	"__ZN2NS7Private8Selector19s_kisEqualToNumber_E"
1528	46	19802	6159626	"__ZN2NS7Private8Selector19s_kisEqualToString_E"
1529	46	19849	6159673	"__ZN2NS7Private8Selector19s_kisMacCatalystAppE"
1530	46	19896	6159720	"__ZN2NS7Private8Selector19s_knumberWithFloat_E"
1531	46	19943	6159767	"__ZN2NS7Private8Selector19s_knumberWithShort_E"
1532	46	19990	6159814	"__ZN2NS7Private8Selector19s_kobjectEnumeratorE"
1533	46	20037	6159861	"__ZN2NS7Private8Selector19s_ksharedSupportURLE"
1534	46	20084	6159908	"__ZN2NS7Private8Selector19s_kunsignedIntValueE"
1535	46	26575	6166399	"__ZN3MTL7Private5Class21s_kMTLLinkedFunctionsE"
1536	46	26622	6166446	"__ZN3MTL7Private5Class21s_kMTLVertexAttributeE"
1537	46	35992	6175816	"__ZN3MTL7Private8Protocol18s_kMTL4CounterHeapE"
1538	46	36039	6175863	"__ZN3MTL7Private8Protocol18s_kMTLCommandQueueE"
1539	46	36086	6175910	"__ZN3MTL7Private8Protocol18s_kMTLIOFileHandleE"
1540	46	36133	6175957	"__ZN3MTL7Private8Protocol18s_kMTLLogContainerE"
1541	46	36180	6176004	"__ZN3MTL7Private8Protocol18s_kMTLResidencySetE"
1542	46	36227	6176051	"__ZN3MTL7Private8Protocol18s_kMTLSamplerStateE"
1543	46	53661	6193485	"__ZN3MTL7Private8Selector18s_kallocationCountE"
1544	46	53708	6193532	"__ZN3MTL7Private8Selector18s_kalphaToOneStateE"
1545	46	53755	6193579	"__ZN3MTL7Private8Selector18s_kbackFaceStencilE"
1546	46	53802	6193626	"__ZN3MTL7Private8Selector18s_kbinaryFunctionsE"
1547	46	53849	6193673	"__ZN3MTL7Private8Selector18s_kbufferAlignmentE"
1548	46	53896	6193720	"__ZN3MTL7Private8Selector18s_kcompareFunctionE"
1549	46	53943	6193767	"__ZN3MTL7Private8Selector18s_kcompressionTypeE"
1550	46	53990	6193814	"__ZN3MTL7Private8Selector18s_kcomputeFunctionE"
1551	46	54037	6193861	"__ZN3MTL7Private8Selector18s_kdepthAttachmentE"
1552	46	54084	6193908	"__ZN3MTL7Private8Selector18s_kdidModifyRange_E"
1553	46	54131	6193955	"__ZN3MTL7Private8Selector18s_kfastMathEnabledE"
1554	46	54178	6194002	"__ZN3MTL7Private8Selector18s_kfragmentBuffersE"
1555	46	54225	6194049	"__ZN3MTL7Private8Selector18s_kinheritCullModeE"
1556	46	54272	6194096	"__ZN3MTL7Private8Selector18s_kinitialCapacityE"
1557	46	54319	6194143	"__ZN3MTL7Private8Selector18s_kinsertLibrariesE"
1558	46	54366	6194190	"__ZN3MTL7Private8Selector18s_kkernelStartTimeE"
1559	46	54413	6194237	"__ZN3MTL7Private8Selector18s_klanguageVersionE"
1560	46	54460	6194284	"__ZN3MTL7Private8Selector18s_klinkedFunctionsE"
1561	46	54507	6194331	"__ZN3MTL7Private8Selector18s_kmaxBufferLengthE"
1562	46	54554	6194378	"__ZN3MTL7Private8Selector18s_kmaxTransferRateE"
1563	46	54601	6194425	"__ZN3MTL7Private8Selector18s_kmotionStartTimeE"
1564	46	54648	6194472	"__ZN3MTL7Private8Selector18s_knewCommandQueueE"
1565	46	54695	6194519	"__ZN3MTL7Private8Selector18s_kpushDebugGroup_E"
1566	46	54742	6194566	"__ZN3MTL7Private8Selector18s_kresetWithRange_E"
1567	46	54789	6194613	"__ZN3MTL7Private8Selector18s_kresourceOptionsE"
1568	46	54836	6194660	"__ZN3MTL7Private8Selector18s_ksetArrayLength_E"
1569	46	54883	6194707	"__ZN3MTL7Private8Selector18s_ksetBorderColor_E"
1570	46	54930	6194754	"__ZN3MTL7Private8Selector18s_ksetBufferIndex_E"
1571	46	54977	6194801	"__ZN3MTL7Private8Selector18s_ksetDestination_E"
1572	46	55024	6194848	"__ZN3MTL7Private8Selector18s_ksetIndexBuffer_E"
1573	46	55071	6194895	"__ZN3MTL7Private8Selector18s_ksetInstallName_E"
1574	46	55118	6194942	"__ZN3MTL7Private8Selector18s_ksetLibraryType_E"
1575	46	55165	6194989	"__ZN3MTL7Private8Selector18s_ksetLodMaxClamp_E"
1576	46	55212	6195036	"__ZN3MTL7Private8Selector18s_ksetLodMinClamp_E"
1577	46	55259	6195083	"__ZN3MTL7Private8Selector18s_ksetPixelFormat_E"
1578	46	55306	6195130	"__ZN3MTL7Private8Selector18s_ksetSampleCount_E"
1579	46	55353	6195177	"__ZN3MTL7Private8Selector18s_ksetScissorRect_E"
1580	46	55400	6195224	"__ZN3MTL7Private8Selector18s_ksetStorageMode_E"
1581	46	55447	6195271	"__ZN3MTL7Private8Selector18s_ksetStoreAction_E"
1582	46	55494	6195318	"__ZN3MTL7Private8Selector18s_ksetTextureType_E"
1583	46	55541	6195365	"__ZN3MTL7Private8Selector18s_ksignalDrawable_E"
1584	46	55588	6195412	"__ZN3MTL7Private8Selector18s_kspecializedNameE"
1585	46	55635	6195459	"__ZN3MTL7Private8Selector18s_ksupportsFamily_E"
1586	46	55682	6195506	"__ZN3MTL7Private8Selector18s_ktailSizeInBytesE"
1587	46	55729	6195553	"__ZN3MTL7Private8Selector18s_ktextureDataTypeE"
1588	46	55776	6195600	"__ZN3MTL7Private8Selector18s_kuseHeap_stages_E"
1589	46	55823	6195647	"__ZN3MTL7Private8Selector18s_kuseHeaps_count_E"
1590	46	55870	6195694	"__ZN3MTL7Private8Selector18s_kvertexArgumentsE"
1591	46	148733	6288557	"_UIAccessibilityConvertPathToScreenCoordinates"
1592	46	156709	6296533	"__ZNSt3__119__shared_mutex_base11lock_sharedEv"
1593	46	157690	6297514	"__ZNSt3__16chrono12system_clock11from_time_tEl"
1594	45	9640	6149464	"_OBJC_CLASS_$_MLNUserLocationHeadingBeamLayer"
1595	45	10404	6150228	"_OBJC_METACLASS_$_MLNCustomDrawableStyleLayer"
1596	45	13053	6152877	"_OBJC_METACLASS_$_MLNTilePyramidOfflineRegion"
1597	45	13617	6153441	"_ProcessInfoThermalStateDidChangeNotification"
1598	45	14710	6154534	"__ZN2CA7Private8Protocol18s_kCAMetalDrawableE"
1599	45	15092	6154916	"__ZN2CA7Private8Selector18s_kframebufferOnlyE"
1600	45	15138	6154962	"__ZN2CA7Private8Selector18s_ksetPixelFormat_E"
1601	45	19107	6158931	"__ZN2NS7Private8Selector18s_kbundleWithPath_E"
1602	45	19153	6158977	"__ZN2NS7Private8Selector18s_kinitWithDouble_E"
1603	45	19199	6159023	"__ZN2NS7Private8Selector18s_kinitWithString_E"
1604	45	19245	6159069	"__ZN2NS7Private8Selector18s_kisEqualToValue_E"
1605	45	19291	6159115	"__ZN2NS7Private8Selector18s_knumberWithBool_E"
1606	45	19337	6159161	"__ZN2NS7Private8Selector18s_knumberWithChar_E"
1607	45	19383	6159207	"__ZN2NS7Private8Selector18s_knumberWithLong_E"
1608	45	19429	6159253	"__ZN2NS7Private8Selector18s_koperatingSystemE"
1609	45	19475	6159299	"__ZN2NS7Private8Selector18s_kremoveObserver_E"
1610	45	19521	6159345	"__ZN2NS7Private8Selector18s_ksetProcessName_E"
1611	45	25521	6165345	"__ZN3MTL20RemoveDeviceObserverEPKN2NS6ObjectE"
1612	45	26391	6166215	"__ZN3MTL7Private5Class20s_kMTL4CommitOptionsE"
1613	45	26437	6166261	"__ZN3MTL7Private5Class20s_kMTLCaptureManagerE"
1614	45	26483	6166307	"__ZN3MTL7Private5Class20s_kMTLCompileOptionsE"
1615	45	26529	6166353	"__ZN3MTL7Private5Class20s_kMTLHeapDescriptorE"
1616	45	35900	6175724	"__ZN3MTL7Private8Protocol17s_kMTLFunctionLogE"
1617	45	35946	6175770	"__ZN3MTL7Private8Protocol17s_kMTLSharedEventE"
1618	45	51591	6191415	"__ZN3MTL7Private8Selector17s_kaddAllocation_E"
1619	45	51637	6191461	"__ZN3MTL7Private8Selector17s_kaddLogHandler_E"
1620	45	51683	6191507	"__ZN3MTL7Private8Selector17s_kallAllocationsE"
1621	45	51729	6191553	"__ZN3MTL7Private8Selector17s_kattributeIndexE"
1622	45	51775	6191599	"__ZN3MTL7Private8Selector17s_kbaseResourceIDE"
1623	45	51821	6191645	"__ZN3MTL7Private8Selector17s_kbinaryArchivesE"
1624	45	51867	6191691	"__ZN3MTL7Private8Selector17s_kbufferDataSizeE"
1625	45	51913	6191737	"__ZN3MTL7Private8Selector17s_kbufferDataTypeE"
1626	45	51959	6191783	"__ZN3MTL7Private8Selector17s_kconstantValuesE"
1627	45	52005	6191829	"__ZN3MTL7Private8Selector17s_kdebugSignpostsE"
1628	45	52051	6191875	"__ZN3MTL7Private8Selector17s_kenqueueBarrierE"
1629	45	52097	6191921	"__ZN3MTL7Private8Selector17s_kfunctionGraphsE"
1630	45	52143	6191967	"__ZN3MTL7Private8Selector17s_kinheritBuffersE"
1631	45	52189	6192013	"__ZN3MTL7Private8Selector17s_kiosurfacePlaneE"
1632	45	52235	6192059	"__ZN3MTL7Private8Selector17s_kisDepthTextureE"
1633	45	52281	6192105	"__ZN3MTL7Private8Selector17s_klocationNumberE"
1634	45	52327	6192151	"__ZN3MTL7Private8Selector17s_klookupArchivesE"
1635	45	52373	6192197	"__ZN3MTL7Private8Selector17s_kmaxSampleCountE"
1636	45	52419	6192243	"__ZN3MTL7Private8Selector17s_knewSharedEventE"
1637	45	52465	6192289	"__ZN3MTL7Private8Selector17s_kobjectBindingsE"
1638	45	52511	6192335	"__ZN3MTL7Private8Selector17s_kobjectFunctionE"
1639	45	52557	6192381	"__ZN3MTL7Private8Selector17s_kpresentAtTime_E"
1640	45	52603	6192427	"__ZN3MTL7Private8Selector17s_kresolveTextureE"
1641	45	52649	6192473	"__ZN3MTL7Private8Selector17s_ksetAttributes_E"
1642	45	52695	6192519	"__ZN3MTL7Private8Selector17s_ksetBufferSize_E"
1643	45	52741	6192565	"__ZN3MTL7Private8Selector17s_ksetClearColor_E"
1644	45	52787	6192611	"__ZN3MTL7Private8Selector17s_ksetClearDepth_E"
1645	45	52833	6192657	"__ZN3MTL7Private8Selector17s_ksetCounterSet_E"
1646	45	52879	6192703	"__ZN3MTL7Private8Selector17s_ksetCurveBasis_E"
1647	45	52925	6192749	"__ZN3MTL7Private8Selector17s_ksetDepthPlane_E"
1648	45	52971	6192795	"__ZN3MTL7Private8Selector17s_ksetDimensions_E"
1649	45	53017	6192841	"__ZN3MTL7Private8Selector17s_ksetLevelRange_E"
1650	45	53063	6192887	"__ZN3MTL7Private8Selector17s_ksetLoadAction_E"
1651	45	53109	6192933	"__ZN3MTL7Private8Selector17s_ksetLodAverage_E"
1652	45	53155	6192979	"__ZN3MTL7Private8Selector17s_ksetMutability_E"
1653	45	53201	6193025	"__ZN3MTL7Private8Selector17s_ksetOutputNode_E"
1654	45	53247	6193071	"__ZN3MTL7Private8Selector17s_ksetScreenSize_E"
1655	45	53293	6193117	"__ZN3MTL7Private8Selector17s_ksetSliceRange_E"
1656	45	53339	6193163	"__ZN3MTL7Private8Selector17s_ksetTileHeight_E"
1657	45	53385	6193209	"__ZN3MTL7Private8Selector17s_ksharedListenerE"
1658	45	53431	6193255	"__ZN3MTL7Private8Selector17s_ksparsePageSizeE"
1659	45	53477	6193301	"__ZN3MTL7Private8Selector17s_ktensorDataTypeE"
1660	45	53523	6193347	"__ZN3MTL7Private8Selector17s_ktextureBarrierE"
1661	45	53569	6193393	"__ZN3MTL7Private8Selector17s_kvertexBindingsE"
1662	45	53615	6193439	"__ZN3MTL7Private8Selector17s_kvertexFunctionE"
1663	45	143427	6283251	"_MTLCommonCounterPostTessellationVertexCycles"
1664	45	144140	6283964	"_NSDeviceCertificationiPhonePerformanceGaming"
1665	45	144975	6284799	"_NSProcessInfoPowerStateDidChangeNotification"
1666	45	149210	6289034	"_UIApplicationWillEnterForegroundNotification"
1667	44	5696	6145520	"_MLNShapeSourceOptionSimplificationTolerance"
1668	44	7167	6146991	"_OBJC_CLASS_$_MLNFeatureAccessibilityElement"
1669	44	9796	6149620	"_OBJC_METACLASS_$_MLNAnnotationContainerView"
1670	44	10112	6149936	"_OBJC_METACLASS_$_MLNClockDirectionFormatter"
1671	44	10644	6150468	"_OBJC_METACLASS_$_MLNFillExtrusionStyleLayer"
1672	44	10880	6150704	"_OBJC_METACLASS_$_MLNInternalNetworkResponse"
1673	44	11030	6150854	"_OBJC_METACLASS_$_MLNMapAccessibilityElement"
1674	44	11866	6151690	"_OBJC_METACLASS_$_MLNPluginLayerCapabilities"
1675	44	12556	6152380	"_OBJC_METACLASS_$_MLNSMCalloutBackgroundView"
1676	44	15047	6154871	"__ZN2CA7Private8Selector17s_ksetColorspace_E"
1677	44	16045	6155869	"__ZN2NS7Private5Class20s_kNSAutoreleasePoolE"
1678	44	18567	6158391	"__ZN2NS7Private8Selector17s_kbundleWithURL_E"
1679	44	18612	6158436	"__ZN2NS7Private8Selector17s_kexecutablePathE"
1680	44	18657	6158481	"__ZN2NS7Private8Selector17s_kgetValue_size_E"
1681	44	18702	6158526	"__ZN2NS7Private8Selector17s_kinfoDictionaryE"
1682	44	18747	6158571	"__ZN2NS7Private8Selector17s_kinitWithCoder_E"
1683	44	18792	6158616	"__ZN2NS7Private8Selector17s_kinitWithFloat_E"
1684	44	18837	6158661	"__ZN2NS7Private8Selector17s_kinitWithShort_E"
1685	44	18882	6158706	"__ZN2NS7Private8Selector17s_knumberWithInt_E"
1686	44	18927	6158751	"__ZN2NS7Private8Selector17s_kobjectAtIndex_E"
1687	44	18972	6158796	"__ZN2NS7Private8Selector17s_kphysicalMemoryE"
1688	44	19017	6158841	"__ZN2NS7Private8Selector17s_kprocessorCountE"
1689	44	19062	6158886	"__ZN2NS7Private8Selector17s_kwaitUntilDate_E"
1690	44	26346	6166170	"__ZN3MTL7Private5Class19s_kMTLTensorExtentsE"
1691	44	35810	6175634	"__ZN3MTL7Private8Protocol16s_kMTLAllocationE"
1692	44	35855	6175679	"__ZN3MTL7Private8Protocol16s_kMTLCounterSetE"
1693	44	49521	6189345	"__ZN3MTL7Private8Selector16s_kallocatedSizeE"
1694	44	49566	6189390	"__ZN3MTL7Private8Selector16s_kargumentIndexE"
1695	44	49611	6189435	"__ZN3MTL7Private8Selector16s_kattributeTypeE"
1696	44	49656	6189480	"__ZN3MTL7Private8Selector16s_kblendingStateE"
1697	44	49701	6189525	"__ZN3MTL7Private8Selector16s_kcaptureObjectE"
1698	44	49746	6189570	"__ZN3MTL7Private8Selector16s_kcommandBufferE"
1699	44	49791	6189615	"__ZN3MTL7Private8Selector16s_kcommit_count_E"
1700	44	49836	6189660	"__ZN3MTL7Private8Selector16s_kconfigurationE"
1701	44	49881	6189705	"__ZN3MTL7Private8Selector16s_kdebugLocationE"
1702	44	49926	6189750	"__ZN3MTL7Private8Selector16s_kdispatchQueueE"
1703	44	49971	6189795	"__ZN3MTL7Private8Selector16s_kenableLoggingE"
1704	44	50016	6189840	"__ZN3MTL7Private8Selector16s_kencodedLengthE"
1705	44	50061	6189885	"__ZN3MTL7Private8Selector16s_kfeedbackQueueE"
1706	44	50106	6189930	"__ZN3MTL7Private8Selector16s_kfunctionCountE"
1707	44	50151	6189975	"__ZN3MTL7Private8Selector16s_kfunctionGraphE"
1708	44	50196	6190020	"__ZN3MTL7Private8Selector16s_kfunctionNamesE"
1709	44	50241	6190065	"__ZN3MTL7Private8Selector16s_kgpuResourceIDE"
1710	44	50286	6190110	"__ZN3MTL7Private8Selector16s_kinstanceCountE"
1711	44	50331	6190155	"__ZN3MTL7Private8Selector16s_kkernelEndTimeE"
1712	44	50376	6190200	"__ZN3MTL7Private8Selector16s_klayerAtIndex_E"
1713	44	50421	6190245	"__ZN3MTL7Private8Selector16s_kmakeAliasableE"
1714	44	50466	6190290	"__ZN3MTL7Private8Selector16s_kmaxAnisotropyE"
1715	44	50511	6190335	"__ZN3MTL7Private8Selector16s_kmemberByName_E"
1716	44	50556	6190380	"__ZN3MTL7Private8Selector16s_kmotionEndTimeE"
1717	44	50601	6190425	"__ZN3MTL7Private8Selector16s_kobjectBuffersE"
1718	44	50646	6190470	"__ZN3MTL7Private8Selector16s_kparentTextureE"
1719	44	50691	6190515	"__ZN3MTL7Private8Selector16s_kpopDebugGroupE"
1720	44	50736	6190560	"__ZN3MTL7Private8Selector16s_kpresentedTimeE"
1721	44	50781	6190605	"__ZN3MTL7Private8Selector16s_kradiusBuffersE"
1722	44	50826	6190650	"__ZN3MTL7Private8Selector16s_kreductionModeE"
1723	44	50871	6190695	"__ZN3MTL7Private8Selector16s_ksetArguments_E"
1724	44	50916	6190740	"__ZN3MTL7Private8Selector16s_ksetCurveType_E"
1725	44	50961	6190785	"__ZN3MTL7Private8Selector16s_ksetFunctions_E"
1726	44	51006	6190830	"__ZN3MTL7Private8Selector16s_ksetIndexType_E"
1727	44	51051	6190875	"__ZN3MTL7Private8Selector16s_ksetLibraries_E"
1728	44	51096	6190920	"__ZN3MTL7Private8Selector16s_ksetMagFilter_E"
1729	44	51141	6190965	"__ZN3MTL7Private8Selector16s_ksetMinFilter_E"
1730	44	51186	6191010	"__ZN3MTL7Private8Selector16s_ksetMipFilter_E"
1731	44	51231	6191055	"__ZN3MTL7Private8Selector16s_ksetOutputURL_E"
1732	44	51276	6191100	"__ZN3MTL7Private8Selector16s_ksetTileWidth_E"
1733	44	51321	6191145	"__ZN3MTL7Private8Selector16s_ksetWriteMask_E"
1734	44	51366	6191190	"__ZN3MTL7Private8Selector16s_ksignaledValueE"
1735	44	51411	6191235	"__ZN3MTL7Private8Selector16s_ktileArgumentsE"
1736	44	51456	6191280	"__ZN3MTL7Private8Selector16s_ktriangleCountE"
1737	44	51501	6191325	"__ZN3MTL7Private8Selector16s_kvertexBuffersE"
1738	44	51546	6191370	"__ZN3MTL7Private8Selector16s_kwaitForFence_E"
1739	44	148929	6288753	"_UIAccessibilityTraitAllowsDirectInteraction"
1740	44	149115	6288939	"_UIApplicationDidEnterBackgroundNotification"
1741	44	156517	6296341	"__ZNSt3__118condition_variable10notify_allEv"
1742	44	156562	6296386	"__ZNSt3__118condition_variable10notify_oneEv"
1743	43	795	6140619	"_DeviceCertificationiPhonePerformanceGaming"
1744	43	4778	6144602	"_MLNMapViewPreferredFramesPerSecondLowPower"
1745	43	9500	6149324	"_OBJC_CLASS_$_MLNUserLocationAnnotationView"
1746	43	12026	6151850	"_OBJC_METACLASS_$_MLNPointCollectionFeature"
1747	43	12811	6152635	"_OBJC_METACLASS_$_MLNShapeCollectionFeature"
1748	43	13573	6153397	"_ProcessInfoPowerStateDidChangeNotification"
1749	43	18083	6157907	"__ZN2NS7Private8Selector16s_kallFrameworksE"
1750	43	18127	6157951	"__ZN2NS7Private8Selector16s_kdefaultCenterE"
1751	43	18171	6157995	"__ZN2NS7Private8Selector16s_kexecutableURLE"
1752	43	18215	6158039	"__ZN2NS7Private8Selector16s_kinitWithBool_E"
1753	43	18259	6158083	"__ZN2NS7Private8Selector16s_kinitWithChar_E"
1754	43	18303	6158127	"__ZN2NS7Private8Selector16s_kinitWithLong_E"
1755	43	18347	6158171	"__ZN2NS7Private8Selector16s_kinitWithPath_E"
1756	43	18391	6158215	"__ZN2NS7Private8Selector16s_kisiOSAppOnMacE"
1757	43	18435	6158259	"__ZN2NS7Private8Selector16s_kkeyEnumeratorE"
1758	43	18479	6158303	"__ZN2NS7Private8Selector16s_klongLongValueE"
1759	43	18523	6158347	"__ZN2NS7Private8Selector16s_kobjectForKey_E"
1760	43	26258	6166082	"__ZN3MTL7Private5Class18s_kMTLArchitectureE"
1761	43	26302	6166126	"__ZN3MTL7Private5Class18s_kMTLStructMemberE"
1762	43	35766	6175590	"__ZN3MTL7Private8Protocol15s_kMTL4CompilerE"
1763	43	47434	6187258	"__ZN3MTL7Private8Selector15s_kGPUStartTimeE"
1764	43	47478	6187302	"__ZN3MTL7Private8Selector15s_karchitectureE"
1765	43	47522	6187346	"__ZN3MTL7Private8Selector15s_kbufferOffsetE"
1766	43	47566	6187390	"__ZN3MTL7Private8Selector15s_kclearBarrierE"
1767	43	47610	6187434	"__ZN3MTL7Private8Selector15s_kclearStencilE"
1768	43	47654	6187478	"__ZN3MTL7Private8Selector15s_kcommandQueueE"
1769	43	47698	6187522	"__ZN3MTL7Private8Selector15s_kcommandTypesE"
1770	43	47742	6187566	"__ZN3MTL7Private8Selector15s_kcpuCacheModeE"
1771	43	47786	6187610	"__ZN3MTL7Private8Selector15s_kcurveEndCapsE"
1772	43	47830	6187654	"__ZN3MTL7Private8Selector15s_kdispatchTypeE"
1773	43	47874	6187698	"__ZN3MTL7Private8Selector15s_kencoderLabelE"
1774	43	47918	6187742	"__ZN3MTL7Private8Selector15s_kendResidencyE"
1775	43	47962	6187786	"__ZN3MTL7Private8Selector15s_kerrorOptionsE"
1776	43	48006	6187830	"__ZN3MTL7Private8Selector15s_kfunctionNameE"
1777	43	48050	6187874	"__ZN3MTL7Private8Selector15s_kfunctionTypeE"
1778	43	48094	6187918	"__ZN3MTL7Private8Selector15s_kmeshBindingsE"
1779	43	48138	6187962	"__ZN3MTL7Private8Selector15s_kmeshFunctionE"
1780	43	48182	6188006	"__ZN3MTL7Private8Selector15s_krAddressModeE"
1781	43	48226	6188050	"__ZN3MTL7Private8Selector15s_kradiusBufferE"
1782	43	48270	6188094	"__ZN3MTL7Private8Selector15s_kradiusFormatE"
1783	43	48314	6188138	"__ZN3MTL7Private8Selector15s_kradiusStrideE"
1784	43	48358	6188182	"__ZN3MTL7Private8Selector15s_kresolveLevelE"
1785	43	48402	6188226	"__ZN3MTL7Private8Selector15s_kresolveSliceE"
1786	43	48446	6188270	"__ZN3MTL7Private8Selector15s_krootResourceE"
1787	43	48490	6188314	"__ZN3MTL7Private8Selector15s_ksAddressModeE"
1788	43	48534	6188358	"__ZN3MTL7Private8Selector15s_ksampleBufferE"
1789	43	48578	6188402	"__ZN3MTL7Private8Selector15s_ksegmentCountE"
1790	43	48622	6188446	"__ZN3MTL7Private8Selector15s_ksetCullMode_E"
1791	43	48666	6188490	"__ZN3MTL7Private8Selector15s_ksetDataType_E"
1792	43	48710	6188534	"__ZN3MTL7Private8Selector15s_ksetLogState_E"
1793	43	48754	6188578	"__ZN3MTL7Private8Selector15s_ksetMathMode_E"
1794	43	48798	6188622	"__ZN3MTL7Private8Selector15s_ksetPriority_E"
1795	43	48842	6188666	"__ZN3MTL7Private8Selector15s_ksetReadMask_E"
1796	43	48886	6188710	"__ZN3MTL7Private8Selector15s_ksetStepRate_E"
1797	43	48930	6188754	"__ZN3MTL7Private8Selector15s_ksetViewport_E"
1798	43	48974	6188798	"__ZN3MTL7Private8Selector15s_kstepFunctionE"
1799	43	49018	6188842	"__ZN3MTL7Private8Selector15s_ktAddressModeE"
1800	43	49062	6188886	"__ZN3MTL7Private8Selector15s_ktileBindingsE"
1801	43	49106	6188930	"__ZN3MTL7Private8Selector15s_ktileFunctionE"
1802	43	49150	6188974	"__ZN3MTL7Private8Selector15s_kupdateFence_E"
1803	43	49194	6189018	"__ZN3MTL7Private8Selector15s_kvertexBufferE"
1804	43	49238	6189062	"__ZN3MTL7Private8Selector15s_kvertexFormatE"
1805	43	49282	6189106	"__ZN3MTL7Private8Selector15s_kvertexStrideE"
1806	43	126973	6266797	"__ZNK3mlt17PresentProperties11getPropertyEj"
1807	43	153856	6293680	"__ZNSt3__112future_errorC1ENS_10error_codeE"
1808	43	157937	6297761	"__ZNSt3__16locale5facet16__on_zero_sharedEv"
1809	42	351	6140175	"_CommonCounterPostTessellationVertexCycles"
1810	42	4258	6144082	"_MLNExpressionInterpolationModeCubicBezier"
1811	42	4301	6144125	"_MLNExpressionInterpolationModeExponential"
1812	42	4735	6144559	"_MLNMapViewPreferredFramesPerSecondDefault"
1813	42	4822	6144646	"_MLNMapViewPreferredFramesPerSecondMaximum"
1814	42	5004	6144828	"_MLNOfflinePackProgressChangedNotification"
1815	42	6879	6146703	"_OBJC_CLASS_$_MLNCompassDirectionFormatter"
1816	42	10157	6149981	"_OBJC_METACLASS_$_MLNColorReliefStyleLayer"
1817	42	12424	6152248	"_OBJC_METACLASS_$_MLNRendererConfiguration"
1818	42	14918	6154742	"__ZN2CA7Private8Selector15s_kdrawableSizeE"
1819	42	14961	6154785	"__ZN2CA7Private8Selector15s_knextDrawableE"
1820	42	15004	6154828	"__ZN2CA7Private8Selector15s_kresidencySetE"
1821	42	17653	6157477	"__ZN2NS7Private8Selector15s_kendActivity_E"
1822	42	17696	6157520	"__ZN2NS7Private8Selector15s_kfullUserNameE"
1823	42	17739	6157563	"__ZN2NS7Private8Selector15s_kinitWithInt_E"
1824	42	17782	6157606	"__ZN2NS7Private8Selector15s_kinitWithURL_E"
1825	42	17825	6157649	"__ZN2NS7Private8Selector15s_kintegerValueE"
1826	42	17868	6157692	"__ZN2NS7Private8Selector15s_kmutableBytesE"
1827	42	17911	6157735	"__ZN2NS7Private8Selector15s_kpointerValueE"
1828	42	17954	6157778	"__ZN2NS7Private8Selector15s_kresourcePathE"
1829	42	17997	6157821	"__ZN2NS7Private8Selector15s_ksystemUptimeE"
1830	42	18040	6157864	"__ZN2NS7Private8Selector15s_kthermalStateE"
1831	42	26215	6166039	"__ZN3MTL7Private5Class17s_kMTLPointerTypeE"
1832	42	35551	6175375	"__ZN3MTL7Private8Protocol14s_kMTL4ArchiveE"
1833	42	35594	6175418	"__ZN3MTL7Private8Protocol14s_kMTLDrawableE"
1834	42	35637	6175461	"__ZN3MTL7Private8Protocol14s_kMTLFunctionE"
1835	42	35680	6175504	"__ZN3MTL7Private8Protocol14s_kMTLLogStateE"
1836	42	35723	6175547	"__ZN3MTL7Private8Protocol14s_kMTLResourceE"
1837	42	45473	6185297	"__ZN3MTL7Private8Selector14s_karrayLengthE"
1838	42	45516	6185340	"__ZN3MTL7Private8Selector14s_kborderColorE"
1839	42	45559	6185383	"__ZN3MTL7Private8Selector14s_kbufferIndexE"
1840	42	45602	6185426	"__ZN3MTL7Private8Selector14s_kcounterSetsE"
1841	42	45645	6185469	"__ZN3MTL7Private8Selector14s_kdestinationE"
1842	42	45688	6185512	"__ZN3MTL7Private8Selector14s_kelementTypeE"
1843	42	45731	6185555	"__ZN3MTL7Private8Selector14s_kendEncodingE"
1844	42	45774	6185598	"__ZN3MTL7Private8Selector14s_kindexBufferE"
1845	42	45817	6185641	"__ZN3MTL7Private8Selector14s_kinstallNameE"
1846	42	45860	6185684	"__ZN3MTL7Private8Selector14s_kisAliasableE"
1847	42	45903	6185727	"__ZN3MTL7Private8Selector14s_kisCapturingE"
1848	42	45946	6185770	"__ZN3MTL7Private8Selector14s_kisPatchDataE"
1849	42	45989	6185813	"__ZN3MTL7Private8Selector14s_kisRemovableE"
1850	42	46032	6185856	"__ZN3MTL7Private8Selector14s_kisShareableE"
1851	42	46075	6185899	"__ZN3MTL7Private8Selector14s_klibraryTypeE"
1852	42	46118	6185942	"__ZN3MTL7Private8Selector14s_klodMaxClampE"
1853	42	46161	6185985	"__ZN3MTL7Private8Selector14s_klodMinClampE"
1854	42	46204	6186028	"__ZN3MTL7Private8Selector14s_kmeshBuffersE"
1855	42	46247	6186071	"__ZN3MTL7Private8Selector14s_kpeerGroupIDE"
1856	42	46290	6186114	"__ZN3MTL7Private8Selector14s_kpixelFormatE"
1857	42	46333	6186157	"__ZN3MTL7Private8Selector14s_kpointerTypeE"
1858	42	46376	6186200	"__ZN3MTL7Private8Selector14s_ksampleCountE"
1859	42	46419	6186243	"__ZN3MTL7Private8Selector14s_ksetLibrary_E"
1860	42	46462	6186286	"__ZN3MTL7Private8Selector14s_ksetLodBias_E"
1861	42	46505	6186329	"__ZN3MTL7Private8Selector14s_ksetOptions_E"
1862	42	46548	6186372	"__ZN3MTL7Private8Selector14s_ksetStrides_E"
1863	42	46591	6186415	"__ZN3MTL7Private8Selector14s_ksetSwizzle_E"
1864	42	46634	6186458	"__ZN3MTL7Private8Selector14s_ksetTexture_E"
1865	42	46677	6186501	"__ZN3MTL7Private8Selector14s_kstopCaptureE"
1866	42	46720	6186544	"__ZN3MTL7Private8Selector14s_kstorageModeE"
1867	42	46763	6186587	"__ZN3MTL7Private8Selector14s_kstoreActionE"
1868	42	46806	6186630	"__ZN3MTL7Private8Selector14s_ktextureTypeE"
1869	42	46849	6186673	"__ZN3MTL7Private8Selector14s_ktileBuffersE"
1870	42	125752	6265576	"__ZN3mlt7Decoder6decodeENS_12BufferStreamE"
1871	42	147818	6287642	"_OBJC_CLASS_$_UILongPressGestureRecognizer"
1872	42	149256	6289080	"_UIApplicationWillResignActiveNotification"
1873	42	149654	6289478	"_UIGraphicsGetImageFromCurrentImageContext"
1874	42	159165	6298989	"__ZTVN10__cxxabiv121__vmi_class_type_infoE"
1875	41	5895	6145719	"_MLNTileSourceOptionAttributionHTMLString"
1876	41	6996	6146820	"_OBJC_CLASS_$_MLNCustomDrawableStyleLayer"
1877	41	9365	6149189	"_OBJC_CLASS_$_MLNTilePyramidOfflineRegion"
1878	41	9754	6149578	"_OBJC_METACLASS_$_MLNActionJournalOptions"
1879	41	9914	6149738	"_OBJC_METACLASS_$_MLNAttributedExpression"
1880	41	9993	6149817	"_OBJC_METACLASS_$_MLNBackgroundStyleLayer"
1881	41	10725	6150549	"_OBJC_METACLASS_$_MLNForegroundStyleLayer"
1882	41	10988	6150812	"_OBJC_METACLASS_$_MLNLoggingConfiguration"
1883	41	11547	6151371	"_OBJC_METACLASS_$_MLNMultiPolylineFeature"
1884	41	11589	6151413	"_OBJC_METACLASS_$_MLNNativeNetworkManager"
1885	41	11631	6151455	"_OBJC_METACLASS_$_MLNNetworkConfiguration"
1886	41	14628	6154452	"__ZGVN5boost6detail12core_typeid_IvE3ti_E"
1887	41	14876	6154700	"__ZN2CA7Private8Selector14s_kpixelFormatE"
1888	41	17275	6157099	"__ZN2NS7Private8Selector14s_kautoreleaseE"
1889	41	17317	6157141	"__ZN2NS7Private8Selector14s_kdescriptionE"
1890	41	17359	6157183	"__ZN2NS7Private8Selector14s_kdoubleValueE"
1891	41	17401	6157225	"__ZN2NS7Private8Selector14s_kenvironmentE"
1892	41	17443	6157267	"__ZN2NS7Private8Selector14s_kprocessInfoE"
1893	41	17485	6157309	"__ZN2NS7Private8Selector14s_kprocessNameE"
1894	41	17527	6157351	"__ZN2NS7Private8Selector14s_kresourceURLE"
1895	41	17569	6157393	"__ZN2NS7Private8Selector14s_kretainCountE"
1896	41	17611	6157435	"__ZN2NS7Private8Selector14s_kstringValueE"
1897	41	26173	6165997	"__ZN3MTL7Private5Class16s_kMTLStructTypeE"
1898	41	35383	6175207	"__ZN3MTL7Private8Protocol13s_kMTLBindingE"
1899	41	35425	6175249	"__ZN3MTL7Private8Protocol13s_kMTLCounterE"
1900	41	35467	6175291	"__ZN3MTL7Private8Protocol13s_kMTLLibraryE"
1901	41	35509	6175333	"__ZN3MTL7Private8Protocol13s_kMTLTextureE"
1902	41	43191	6183015	"__ZN3MTL7Private8Selector13s_kGPUEndTimeE"
1903	41	43233	6183057	"__ZN3MTL7Private8Selector13s_kaddBarrierE"
1904	41	43275	6183099	"__ZN3MTL7Private8Selector13s_kattributesE"
1905	41	43317	6183141	"__ZN3MTL7Private8Selector13s_kbeginScopeE"
1906	41	43359	6183183	"__ZN3MTL7Private8Selector13s_kbufferSizeE"
1907	41	43401	6183225	"__ZN3MTL7Private8Selector13s_kclearColorE"
1908	41	43443	6183267	"__ZN3MTL7Private8Selector13s_kclearDepthE"
1909	41	43485	6183309	"__ZN3MTL7Private8Selector13s_kcounterSetE"
1910	41	43527	6183351	"__ZN3MTL7Private8Selector13s_kcurveBasisE"
1911	41	43569	6183393	"__ZN3MTL7Private8Selector13s_kdepthPlaneE"
1912	41	43611	6183435	"__ZN3MTL7Private8Selector13s_kdescriptorE"
1913	41	43653	6183477	"__ZN3MTL7Private8Selector13s_kdimensionsE"
1914	41	43695	6183519	"__ZN3MTL7Private8Selector13s_kdrawableIDE"
1915	41	43737	6183561	"__ZN3MTL7Private8Selector13s_kerrorStateE"
1916	41	43779	6183603	"__ZN3MTL7Private8Selector13s_kgpuAddressE"
1917	41	43821	6183645	"__ZN3MTL7Private8Selector13s_kheapOffsetE"
1918	41	43863	6183687	"__ZN3MTL7Private8Selector13s_khorizontalE"
1919	41	43905	6183729	"__ZN3MTL7Private8Selector13s_kisArgumentE"
1920	41	43947	6183771	"__ZN3MTL7Private8Selector13s_kisHeadlessE"
1921	41	43989	6183813	"__ZN3MTL7Private8Selector13s_kisLowPowerE"
1922	41	44031	6183855	"__ZN3MTL7Private8Selector13s_klayerCountE"
1923	41	44073	6183897	"__ZN3MTL7Private8Selector13s_klevelRangeE"
1924	41	44115	6183939	"__ZN3MTL7Private8Selector13s_kloadActionE"
1925	41	44157	6183981	"__ZN3MTL7Private8Selector13s_klodAverageE"
1926	41	44199	6184023	"__ZN3MTL7Private8Selector13s_kmutabilityE"
1927	41	44241	6184065	"__ZN3MTL7Private8Selector13s_koutputNodeE"
1928	41	44283	6184107	"__ZN3MTL7Private8Selector13s_kreflectionE"
1929	41	44325	6184149	"__ZN3MTL7Private8Selector13s_kregistryIDE"
1930	41	44367	6184191	"__ZN3MTL7Private8Selector13s_kscreenSizeE"
1931	41	44409	6184233	"__ZN3MTL7Private8Selector13s_ksetAccess_E"
1932	41	44451	6184275	"__ZN3MTL7Private8Selector13s_ksetBarrierE"
1933	41	44493	6184317	"__ZN3MTL7Private8Selector13s_ksetBuffer_E"
1934	41	44535	6184359	"__ZN3MTL7Private8Selector13s_ksetFormat_E"
1935	41	44577	6184401	"__ZN3MTL7Private8Selector13s_ksetGroups_E"
1936	41	44619	6184443	"__ZN3MTL7Private8Selector13s_ksetHeight_E"
1937	41	44661	6184485	"__ZN3MTL7Private8Selector13s_ksetOffset_E"
1938	41	44703	6184527	"__ZN3MTL7Private8Selector13s_ksetOpaque_E"
1939	41	44745	6184569	"__ZN3MTL7Private8Selector13s_ksetSource_E"
1940	41	44787	6184611	"__ZN3MTL7Private8Selector13s_ksetStride_E"
1941	41	44829	6184653	"__ZN3MTL7Private8Selector13s_ksliceRangeE"
1942	41	44871	6184695	"__ZN3MTL7Private8Selector13s_kstructTypeE"
1943	41	44913	6184737	"__ZN3MTL7Private8Selector13s_ktileHeightE"
1944	41	140830	6280654	"_utrie2_get32FromLeadSurrogateCodeUnit_61"
1945	41	143283	6283107	"_MTLCommonCounterComputeKernelInvocations"
1946	41	143698	6283522	"_MTLCommonCounterTessellationInputPatches"
1947	41	147974	6287798	"_OBJC_CLASS_$_UIRotationGestureRecognizer"
1948	41	148780	6288604	"_UIAccessibilityLayoutChangedNotification"
1949	41	148855	6288679	"_UIAccessibilityScreenChangedNotification"
1950	41	149073	6288897	"_UIApplicationDidBecomeActiveNotification"
1951	41	149339	6289163	"_UIDeviceOrientationDidChangeNotification"
1952	41	156475	6296299	"__ZNSt3__117__assoc_sub_state9__executeEv"
1953	41	158893	6298717	"__ZSt17rethrow_exceptionSt13exception_ptr"
1954	41	159081	6298905	"__ZTVN10__cxxabiv120__function_type_infoE"
1955	41	159123	6298947	"__ZTVN10__cxxabiv120__si_class_type_infoE"
1956	40	5528	6145352	"_MLNShapeSourceOptionLineDistanceMetrics"
1957	40	5854	6145678	"_MLNStyleFunctionOptionInterpolationBase"
1958	40	6117	6145941	"_MLNTileSourceOptionTileCoordinateSystem"
1959	40	6448	6146272	"_OBJC_CLASS_$_MLNAnnotationContainerView"
1960	40	6732	6146556	"_OBJC_CLASS_$_MLNClockDirectionFormatter"
1961	40	7212	6147036	"_OBJC_CLASS_$_MLNFillExtrusionStyleLayer"
1962	40	7424	6147248	"_OBJC_CLASS_$_MLNInternalNetworkResponse"
1963	40	7558	6147382	"_OBJC_CLASS_$_MLNMapAccessibilityElement"
1964	40	8306	6148130	"_OBJC_CLASS_$_MLNPluginLayerCapabilities"
1965	40	8924	6148748	"_OBJC_CLASS_$_MLNSMCalloutBackgroundView"
1966	40	10322	6150146	"_OBJC_METACLASS_$_MLNComputedShapeSource"
1967	40	10363	6150187	"_OBJC_METACLASS_$_MLNCoordinateFormatter"
1968	40	10806	6150630	"_OBJC_METACLASS_$_MLNHillshadeStyleLayer"
1969	40	11471	6151295	"_OBJC_METACLASS_$_MLNMultiPolygonFeature"
1970	40	11911	6151735	"_OBJC_METACLASS_$_MLNPluginLayerProperty"
1971	40	12104	6151928	"_OBJC_METACLASS_$_MLNPointFeatureCluster"
1972	40	14794	6154618	"__ZN2CA7Private8Selector13s_kcolorspaceE"
1973	40	14835	6154659	"__ZN2CA7Private8Selector13s_ksetDevice_E"
1974	40	16004	6155828	"__ZN2NS7Private5Class16s_kNSProcessInfoE"
1975	40	16865	6156689	"__ZN2NS7Private8Selector13s_kUTF8StringE"
1976	40	16906	6156730	"__ZN2NS7Private8Selector13s_kaddObject_E"
1977	40	16947	6156771	"__ZN2NS7Private8Selector13s_kallBundlesE"
1978	40	16988	6156812	"__ZN2NS7Private8Selector13s_kallObjectsE"
1979	40	17029	6156853	"__ZN2NS7Private8Selector13s_kbundlePathE"
1980	40	17070	6156894	"__ZN2NS7Private8Selector13s_kdictionaryE"
1981	40	17111	6156935	"__ZN2NS7Private8Selector13s_kfloatValueE"
1982	40	17152	6156976	"__ZN2NS7Private8Selector13s_kmainBundleE"
1983	40	17193	6157017	"__ZN2NS7Private8Selector13s_knextObjectE"
1984	40	17234	6157058	"__ZN2NS7Private8Selector13s_kshortValueE"
1985	40	26091	6165915	"__ZN3MTL7Private5Class15s_kMTLArrayTypeE"
1986	40	26132	6165956	"__ZN3MTL7Private5Class15s_kMTLAttributeE"
1987	40	35260	6175084	"__ZN3MTL7Private8Protocol12s_kMTLBufferE"
1988	40	35301	6175125	"__ZN3MTL7Private8Protocol12s_kMTLDeviceE"
1989	40	35342	6175166	"__ZN3MTL7Private8Protocol12s_kMTLTensorE"
1990	40	42084	6181908	"__ZN3MTL7Private8Selector12s_kalignmentE"
1991	40	42125	6181949	"__ZN3MTL7Private8Selector12s_kargumentsE"
1992	40	42166	6181990	"__ZN3MTL7Private8Selector12s_karrayTypeE"
1993	40	42207	6182031	"__ZN3MTL7Private8Selector12s_kcurveTypeE"
1994	40	42248	6182072	"__ZN3MTL7Private8Selector12s_kfunctionsE"
1995	40	42289	6182113	"__ZN3MTL7Private8Selector12s_kindexTypeE"
1996	40	42330	6182154	"__ZN3MTL7Private8Selector12s_kiosurfaceE"
1997	40	42371	6182195	"__ZN3MTL7Private8Selector12s_klibrariesE"
1998	40	42412	6182236	"__ZN3MTL7Private8Selector12s_kmagFilterE"
1999	40	42453	6182277	"__ZN3MTL7Private8Selector12s_kminFilterE"
2000	40	42494	6182318	"__ZN3MTL7Private8Selector12s_kmipFilterE"
2001	40	42535	6182359	"__ZN3MTL7Private8Selector12s_koutputURLE"
2002	40	42576	6182400	"__ZN3MTL7Private8Selector12s_kpatchTypeE"
2003	40	42617	6182441	"__ZN3MTL7Private8Selector12s_kpeerCountE"
2004	40	42658	6182482	"__ZN3MTL7Private8Selector12s_kpeerIndexE"
2005	40	42699	6182523	"__ZN3MTL7Private8Selector12s_ksetCount_E"
2006	40	42740	6182564	"__ZN3MTL7Private8Selector12s_ksetDepth_E"
2007	40	42781	6182605	"__ZN3MTL7Private8Selector12s_ksetIndex_E"
2008	40	42822	6182646	"__ZN3MTL7Private8Selector12s_ksetLabel_E"
2009	40	42863	6182687	"__ZN3MTL7Private8Selector12s_ksetLevel_E"
2010	40	42904	6182728	"__ZN3MTL7Private8Selector12s_ksetNodes_E"
2011	40	42945	6182769	"__ZN3MTL7Private8Selector12s_ksetSlice_E"
2012	40	42986	6182810	"__ZN3MTL7Private8Selector12s_ksetUsage_E"
2013	40	43027	6182851	"__ZN3MTL7Private8Selector12s_ksetWidth_E"
2014	40	43068	6182892	"__ZN3MTL7Private8Selector12s_ktileWidthE"
2015	40	43109	6182933	"__ZN3MTL7Private8Selector12s_ktryCancelE"
2016	40	43150	6182974	"__ZN3MTL7Private8Selector12s_kwriteMaskE"
2017	40	126852	6266676	"__ZN4mbgl21isValidMapboxEndpointEP5NSURL"
2018	40	143524	6283348	"_MTLCommonCounterRenderTargetWriteCycles"
2019	40	148341	6288165	"_OBJC_METACLASS_$_UIAccessibilityElement"
2020	40	148644	6288468	"_UIAccessibilityAnnouncementNotification"
2021	40	156895	6296719	"__ZNSt3__119__shared_mutex_base6unlockEv"
2022	40	158098	6297922	"__ZNSt3__17codecvtIDsc11__mbstate_tED2Ev"
2023	40	159040	6298864	"__ZTVN10__cxxabiv119__pointer_type_infoE"
2024	40	162478	6302302	"_objc_unsafeClaimAutoreleasedReturnValue"
2025	39	6260	6146084	"_MLNUserLocationAnnotationTypeException"
2026	39	8450	6148274	"_OBJC_CLASS_$_MLNPointCollectionFeature"
2027	39	9151	6148975	"_OBJC_CLASS_$_MLNShapeCollectionFeature"
2028	39	10200	6150024	"_OBJC_METACLASS_$_MLNCompactCalloutView"
2029	39	11206	6151030	"_OBJC_METACLASS_$_MLNMapSnapshotOptions"
2030	39	11246	6151070	"_OBJC_METACLASS_$_MLNMapSnapshotOverlay"
2031	39	12855	6152679	"_OBJC_METACLASS_$_MLNShapeOfflineRegion"
2032	39	14670	6154494	"__ZN2CA7Private5Class15s_kCAMetalLayerE"
2033	39	15964	6155788	"__ZN2NS7Private5Class15s_kNSDictionaryE"
2034	39	16585	6156409	"__ZN2NS7Private8Selector12s_kargumentsE"
2035	39	16625	6156449	"__ZN2NS7Private8Selector12s_kboolValueE"
2036	39	16665	6156489	"__ZN2NS7Private8Selector12s_kbroadcastE"
2037	39	16705	6156529	"__ZN2NS7Private8Selector12s_kbundleURLE"
2038	39	16745	6156569	"__ZN2NS7Private8Selector12s_kcharValueE"
2039	39	16785	6156609	"__ZN2NS7Private8Selector12s_klongValueE"
2040	39	16825	6156649	"__ZN2NS7Private8Selector12s_kshowPoolsE"
2041	39	26051	6165875	"__ZN3MTL7Private5Class14s_kMTLArgumentE"
2042	39	35180	6175004	"__ZN3MTL7Private8Protocol11s_kMTLEventE"
2043	39	35220	6175044	"__ZN3MTL7Private8Protocol11s_kMTLFenceE"
2044	39	40775	6180599	"__ZN3MTL7Private8Selector11s_kbindingsE"
2045	39	40815	6180639	"__ZN3MTL7Private8Selector11s_kcompilerE"
2046	39	40855	6180679	"__ZN3MTL7Private8Selector11s_kcontentsE"
2047	39	40895	6180719	"__ZN3MTL7Private8Selector11s_kcountersE"
2048	39	40935	6180759	"__ZN3MTL7Private8Selector11s_kdataSizeE"
2049	39	40975	6180799	"__ZN3MTL7Private8Selector11s_kdataTypeE"
2050	39	41015	6180839	"__ZN3MTL7Private8Selector11s_kendScopeE"
2051	39	41055	6180879	"__ZN3MTL7Private8Selector11s_kfunctionE"
2052	39	41095	6180919	"__ZN3MTL7Private8Selector11s_kisActiveE"
2053	39	41135	6180959	"__ZN3MTL7Private8Selector11s_kisSparseE"
2054	39	41175	6180999	"__ZN3MTL7Private8Selector11s_klocationE"
2055	39	41215	6181039	"__ZN3MTL7Private8Selector11s_klogStateE"
2056	39	41255	6181079	"__ZN3MTL7Private8Selector11s_kmathModeE"
2057	39	41295	6181119	"__ZN3MTL7Private8Selector11s_knewEventE"
2058	39	41335	6181159	"__ZN3MTL7Private8Selector11s_knewFenceE"
2059	39	41375	6181199	"__ZN3MTL7Private8Selector11s_kpriorityE"
2060	39	41415	6181239	"__ZN3MTL7Private8Selector11s_kreadMaskE"
2061	39	41455	6181279	"__ZN3MTL7Private8Selector11s_krequiredE"
2062	39	41495	6181319	"__ZN3MTL7Private8Selector11s_ksetName_E"
2063	39	41535	6181359	"__ZN3MTL7Private8Selector11s_ksetSize_E"
2064	39	41575	6181399	"__ZN3MTL7Private8Selector11s_ksetType_E"
2065	39	41615	6181439	"__ZN3MTL7Private8Selector11s_kstepRateE"
2066	39	41655	6181479	"__ZN3MTL7Private8Selector11s_kuseHeap_E"
2067	39	41695	6181519	"__ZN3MTL7Private8Selector11s_kusedSizeE"
2068	39	41735	6181559	"__ZN3MTL7Private8Selector11s_kverticalE"
2069	39	126893	6266717	"__ZN5boost6detail12core_typeid_IvE3ti_E"
2070	39	126933	6266757	"__ZN5boost6detail18core_typeid_lib_idEv"
2071	39	146549	6286373	"_OBJC_CLASS_$_NSMutableAttributedString"
2072	39	147331	6287155	"_OBJC_CLASS_$_NSURLSessionConfiguration"
2073	39	147756	6287580	"_OBJC_CLASS_$_UIImpactFeedbackGenerator"
2074	39	148463	6288287	"_SCNetworkReachabilityCreateWithAddress"
2075	39	149299	6289123	"_UIApplicationWillTerminateNotification"
2076	39	149558	6289382	"_UIGraphicsBeginImageContextWithOptions"
2077	39	158139	6297963	"__ZNSt3__17codecvtIcc11__mbstate_tE2idE"
2078	38	219	6140043	"_CommonCounterComputeKernelInvocations"
2079	38	601	6140425	"_CommonCounterTessellationInputPatches"
2080	38	5079	6144903	"_MLNOfflinePackUserInfoKeyMaximumCount"
2081	38	5280	6145104	"_MLNRedundantSourceIdentifierException"
2082	38	5423	6145247	"_MLNShapeSourceOptionClusterProperties"
2083	38	5741	6145565	"_MLNShapeSourceOptionSynchronousUpdate"
2084	38	6773	6146597	"_OBJC_CLASS_$_MLNColorReliefStyleLayer"
2085	38	8804	6148628	"_OBJC_CLASS_$_MLNRendererConfiguration"
2086	38	10035	6149859	"_OBJC_METACLASS_$_MLNCLLocationManager"
2087	38	10522	6150346	"_OBJC_METACLASS_$_MLNDistanceFormatter"
2088	38	10767	6150591	"_OBJC_METACLASS_$_MLNHeatmapStyleLayer"
2089	38	13099	6152923	"_OBJC_METACLASS_$_MLNTileServerOptions"
2090	38	15925	6155749	"__ZN2NS7Private5Class14s_kNSConditionE"
2091	38	16273	6156097	"__ZN2NS7Private8Selector11s_kcompare_E"
2092	38	16312	6156136	"__ZN2NS7Private8Selector11s_khostNameE"
2093	38	16351	6156175	"__ZN2NS7Private8Selector11s_kintValueE"
2094	38	16390	6156214	"__ZN2NS7Private8Selector11s_kisEqual_E"
2095	38	16429	6156253	"__ZN2NS7Private8Selector11s_kisLoadedE"
2096	38	16468	6156292	"__ZN2NS7Private8Selector11s_kobjCTypeE"
2097	38	16507	6156331	"__ZN2NS7Private8Selector11s_kuserInfoE"
2098	38	16546	6156370	"__ZN2NS7Private8Selector11s_kuserNameE"
2099	38	35141	6174965	"__ZN3MTL7Private8Protocol10s_kMTLHeapE"
2100	38	39833	6179657	"__ZN3MTL7Private8Selector10s_kbuffersE"
2101	38	39872	6179696	"__ZN3MTL7Private8Selector10s_kdeallocE"
2102	38	39911	6179735	"__ZN3MTL7Private8Selector10s_kenqueueE"
2103	38	39950	6179774	"__ZN3MTL7Private8Selector10s_klayoutsE"
2104	38	39989	6179813	"__ZN3MTL7Private8Selector10s_klibraryE"
2105	38	40028	6179852	"__ZN3MTL7Private8Selector10s_klodBiasE"
2106	38	40067	6179891	"__ZN3MTL7Private8Selector10s_kmembersE"
2107	38	40106	6179930	"__ZN3MTL7Private8Selector10s_koptionsE"
2108	38	40145	6179969	"__ZN3MTL7Private8Selector10s_kpresentE"
2109	38	40184	6180008	"__ZN3MTL7Private8Selector10s_ksetUrl_E"
2110	38	40223	6180047	"__ZN3MTL7Private8Selector10s_kstridesE"
2111	38	40262	6180086	"__ZN3MTL7Private8Selector10s_kswizzleE"
2112	38	40301	6180125	"__ZN3MTL7Private8Selector10s_ktextureE"
2113	38	126813	6266637	"__ZN4mbgl11resourceURLERKNS_8ResourceE"
2114	38	144813	6284637	"_NSLocalizedRecoverySuggestionErrorKey"
2115	38	147935	6287759	"_OBJC_CLASS_$_UIPinchGestureRecognizer"
2116	38	148605	6288429	"_SCNetworkReachabilitySetDispatchQueue"
2117	38	149034	6288858	"_UIAccessibilityTraitUpdatesFrequently"
2118	38	151043	6290867	"__ZNKSt3__16locale9has_facetERNS0_2idE"
2119	38	151082	6290906	"__ZNKSt3__16locale9use_facetERNS0_2idE"
2120	38	156856	6296680	"__ZNSt3__119__shared_mutex_base4lockEv"
2121	38	157022	6296846	"__ZNSt3__119__shared_weak_count4lockEv"
2122	38	159001	6298825	"__ZTVN10__cxxabiv117__class_type_infoE"
2123	37	442	6140266	"_CommonCounterRenderTargetWriteCycles"
2124	37	4344	6144168	"_MLNExpressionInterpolationModeLinear"
2125	37	5213	6145037	"_MLNRedundantLayerIdentifierException"
2126	37	5347	6145171	"_MLNShapeSourceOptionClipsCoordinates"
2127	37	5385	6145209	"_MLNShapeSourceOptionClusterMinPoints"
2128	37	5569	6145393	"_MLNShapeSourceOptionMaximumZoomLevel"
2129	37	5658	6145482	"_MLNShapeSourceOptionMinimumZoomLevel"
2130	37	5780	6145604	"_MLNShapeSourceOptionWrapsCoordinates"
2131	37	6187	6146011	"_MLNUnderlyingMapUnavailableException"
2132	37	6410	6146234	"_OBJC_CLASS_$_MLNActionJournalOptions"
2133	37	6554	6146378	"_OBJC_CLASS_$_MLNAttributedExpression"
2134	37	6625	6146449	"_OBJC_CLASS_$_MLNBackgroundStyleLayer"
2135	37	7285	6147109	"_OBJC_CLASS_$_MLNForegroundStyleLayer"
2136	37	7520	6147344	"_OBJC_CLASS_$_MLNLoggingConfiguration"
2137	37	8019	6147843	"_OBJC_CLASS_$_MLNMultiPolylineFeature"
2138	37	8057	6147881	"_OBJC_CLASS_$_MLNNativeNetworkManager"
2139	37	8095	6147919	"_OBJC_CLASS_$_MLNNetworkConfiguration"
2140	37	10074	6149898	"_OBJC_METACLASS_$_MLNCircleStyleLayer"
2141	37	10450	6150274	"_OBJC_METACLASS_$_MLNCustomStyleLayer"
2142	37	12314	6152138	"_OBJC_METACLASS_$_MLNRasterStyleLayer"
2143	37	12352	6152176	"_OBJC_METACLASS_$_MLNRasterTileSource"
2144	37	13015	6152839	"_OBJC_METACLASS_$_MLNSymbolStyleLayer"
2145	37	13406	6153230	"_OBJC_METACLASS_$_MLNVectorStyleLayer"
2146	37	13444	6153268	"_OBJC_METACLASS_$_MLNVectorTileSource"
2147	37	14756	6154580	"__ZN2CA7Private8Selector10s_ktextureE"
2148	37	16235	6156059	"__ZN2NS7Private8Selector10s_kreleaseE"
2149	37	25567	6165391	"__ZN3MTL25CreateSystemDefaultDeviceEv"
2150	37	142979	6282803	"_CTFontDescriptorCreateWithAttributes"
2151	37	143245	6283069	"_MTLCommonCounterClipperPrimitivesOut"
2152	37	144016	6283840	"_NSCharacterEncodingDocumentAttribute"
2153	37	144074	6283898	"_NSCurrentLocaleDidChangeNotification"
2154	37	145105	6284929	"_NSProcessPerformanceProfileSustained"
2155	37	145871	6285695	"_OBJC_CLASS_$_MTLRenderPassDescriptor"
2156	37	157168	6296992	"__ZNSt3__120__throw_system_errorEiPKc"
2157	37	157652	6297476	"__ZNSt3__16chrono12steady_clock3nowEv"
2158	37	157737	6297561	"__ZNSt3__16chrono12system_clock3nowEv"
2159	36	4052	6143876	"_LocalizedRecoverySuggestionErrorKey"
2160	36	4664	6144488	"_MLNMapViewDecelerationRateImmediate"
2161	36	5937	6145761	"_MLNTileSourceOptionAttributionInfos"
2162	36	5974	6145798	"_MLNTileSourceOptionCoordinateBounds"
2163	36	6043	6145867	"_MLNTileSourceOptionMaximumZoomLevel"
2164	36	6080	6145904	"_MLNTileSourceOptionMinimumZoomLevel"
2165	36	6922	6146746	"_OBJC_CLASS_$_MLNComputedShapeSource"
2166	36	6959	6146783	"_OBJC_CLASS_$_MLNCoordinateFormatter"
2167	36	7358	6147182	"_OBJC_CLASS_$_MLNHillshadeStyleLayer"
2168	36	7951	6147775	"_OBJC_CLASS_$_MLNMultiPolygonFeature"
2169	36	8347	6148171	"_OBJC_CLASS_$_MLNPluginLayerProperty"
2170	36	8520	6148344	"_OBJC_CLASS_$_MLNPointFeatureCluster"
2171	36	9841	6149665	"_OBJC_METACLASS_$_MLNAnnotationImage"
2172	36	9956	6149780	"_OBJC_METACLASS_$_MLNAttributionInfo"
2173	36	11673	6151497	"_OBJC_METACLASS_$_MLNNetworkResponse"
2174	36	11952	6151776	"_OBJC_METACLASS_$_MLNPointAnnotation"
2175	36	11989	6151813	"_OBJC_METACLASS_$_MLNPointCollection"
2176	36	12240	6152064	"_OBJC_METACLASS_$_MLNPolylineFeature"
2177	36	12277	6152101	"_OBJC_METACLASS_$_MLNRasterDEMSource"
2178	36	12774	6152598	"_OBJC_METACLASS_$_MLNShapeCollection"
2179	36	123624	6263448	"__ZN3MTL7Private8Selector9s_kaccessE"
2180	36	123661	6263485	"__ZN3MTL7Private8Selector9s_kbufferE"
2181	36	123698	6263522	"__ZN3MTL7Private8Selector9s_kcolumnE"
2182	36	123735	6263559	"__ZN3MTL7Private8Selector9s_kcommitE"
2183	36	123772	6263596	"__ZN3MTL7Private8Selector9s_kdeviceE"
2184	36	123809	6263633	"__ZN3MTL7Private8Selector9s_kformatE"
2185	36	123846	6263670	"__ZN3MTL7Private8Selector9s_kgroupsE"
2186	36	123883	6263707	"__ZN3MTL7Private8Selector9s_kheightE"
2187	36	123920	6263744	"__ZN3MTL7Private8Selector9s_kisUsedE"
2188	36	123957	6263781	"__ZN3MTL7Private8Selector9s_klayersE"
2189	36	123994	6263818	"__ZN3MTL7Private8Selector9s_klengthE"
2190	36	124031	6263855	"__ZN3MTL7Private8Selector9s_koffsetE"
2191	36	124068	6263892	"__ZN3MTL7Private8Selector9s_kopaqueE"
2192	36	124105	6263929	"__ZN3MTL7Private8Selector9s_ksourceE"
2193	36	124142	6263966	"__ZN3MTL7Private8Selector9s_kstagesE"
2194	36	124179	6264003	"__ZN3MTL7Private8Selector9s_kstatusE"
2195	36	124216	6264040	"__ZN3MTL7Private8Selector9s_kstrideE"
2196	36	126454	6266278	"__ZN3mlt7decoder14IntegerDecoderC1Ev"
2197	36	126491	6266315	"__ZN3mlt7decoder14IntegerDecoderC2Ev"
2198	36	126528	6266352	"__ZN3mlt7decoder14IntegerDecoderD1Ev"
2199	36	126565	6266389	"__ZN3mlt7decoder14IntegerDecoderD2Ev"
2200	36	136631	6276455	"_kMLNReachabilityChangedNotification"
2201	36	143172	6282996	"_MTLCommandBufferEncoderInfoErrorKey"
2202	36	143357	6283181	"_MTLCommonCounterFragmentInvocations"
2203	36	143565	6283389	"_MTLCommonCounterSetStageUtilization"
2204	36	145212	6285036	"_NSSearchPathForDirectoriesInDomains"
2205	36	147443	6287267	"_OBJC_CLASS_$_UIAccessibilityElement"
2206	36	147861	6287685	"_OBJC_CLASS_$_UINavigationController"
2207	36	147898	6287722	"_OBJC_CLASS_$_UIPanGestureRecognizer"
2208	36	148072	6287896	"_OBJC_CLASS_$_UITapGestureRecognizer"
2209	36	148503	6288327	"_SCNetworkReachabilityCreateWithName"
2210	36	151914	6291738	"__ZNSt3__111__call_onceERVmPvPFvS2_E"
2211	36	156171	6295995	"__ZNSt3__115recursive_mutex6unlockEv"
2212	36	156438	6296262	"__ZNSt3__117__assoc_sub_state4waitEv"
2213	36	157131	6296955	"__ZNSt3__120__get_collation_nameEPKc"
2214	36	161282	6301106	"_kCAMediaTimingFunctionEaseInEaseOut"
2215	35	839	6140663	"_DeviceRemovalRequestedNotification"
2216	35	5818	6145642	"_MLNStyleFunctionOptionDefaultValue"
2217	35	6812	6146636	"_OBJC_CLASS_$_MLNCompactCalloutView"
2218	35	7714	6147538	"_OBJC_CLASS_$_MLNMapSnapshotOptions"
2219	35	7750	6147574	"_OBJC_CLASS_$_MLNMapSnapshotOverlay"
2220	35	9191	6149015	"_OBJC_CLASS_$_MLNShapeOfflineRegion"
2221	35	9878	6149702	"_OBJC_METACLASS_$_MLNAnnotationView"
2222	35	10689	6150513	"_OBJC_METACLASS_$_MLNFillStyleLayer"
2223	35	10952	6150776	"_OBJC_METACLASS_$_MLNLineStyleLayer"
2224	35	11286	6151110	"_OBJC_METACLASS_$_MLNMapSnapshotter"
2225	35	11743	6151567	"_OBJC_METACLASS_$_MLNOfflineStorage"
2226	35	12174	6151998	"_OBJC_METACLASS_$_MLNPolygonFeature"
2227	35	12467	6152291	"_OBJC_METACLASS_$_MLNRenderingStats"
2228	35	13697	6153521	"_ProcessPerformanceProfileSustained"
2229	35	15640	6155464	"__ZN2CA7Private8Selector9s_kdeviceE"
2230	35	15781	6155605	"__ZN2NS7Private5Class11s_kNSBundleE"
2231	35	15817	6155641	"__ZN2NS7Private5Class11s_kNSNumberE"
2232	35	15853	6155677	"__ZN2NS7Private5Class11s_kNSObjectE"
2233	35	15889	6155713	"__ZN2NS7Private5Class11s_kNSStringE"
2234	35	25206	6165030	"__ZN2NS7Private8Selector9s_kdomainE"
2235	35	25242	6165066	"__ZN2NS7Private8Selector9s_klengthE"
2236	35	25278	6165102	"__ZN2NS7Private8Selector9s_kobjectE"
2237	35	25314	6165138	"__ZN2NS7Private8Selector9s_kretainE"
2238	35	25350	6165174	"__ZN2NS7Private8Selector9s_ksignalE"
2239	35	25386	6165210	"__ZN2NS7Private8Selector9s_kstringE"
2240	35	25422	6165246	"__ZN2NS7Private8Selector9s_kunloadE"
2241	35	25458	6165282	"__ZN2NS7Private8Selector9s_kunlockE"
2242	35	26015	6165839	"__ZN3MTL7Private5Class10s_kMTLTypeE"
2243	35	122254	6262078	"__ZN3MTL7Private8Selector8s_kcountE"
2244	35	122290	6262114	"__ZN3MTL7Private8Selector8s_kdepthE"
2245	35	122326	6262150	"__ZN3MTL7Private8Selector8s_kerrorE"
2246	35	122362	6262186	"__ZN3MTL7Private8Selector8s_kindexE"
2247	35	122398	6262222	"__ZN3MTL7Private8Selector8s_klabelE"
2248	35	122434	6262258	"__ZN3MTL7Private8Selector8s_klevelE"
2249	35	122470	6262294	"__ZN3MTL7Private8Selector8s_knodesE"
2250	35	122506	6262330	"__ZN3MTL7Private8Selector8s_kresetE"
2251	35	122542	6262366	"__ZN3MTL7Private8Selector8s_ksliceE"
2252	35	122578	6262402	"__ZN3MTL7Private8Selector8s_kusageE"
2253	35	122614	6262438	"__ZN3MTL7Private8Selector8s_kwidthE"
2254	35	142911	6282735	"_CTFontCreateCopyWithSymbolicTraits"
2255	35	143209	6283033	"_MTLCommonCounterClipperInvocations"
2256	35	143662	6283486	"_MTLCommonCounterTessellationCycles"
2257	35	144777	6284601	"_NSLocalizedRecoveryOptionsErrorKey"
2258	35	145069	6284893	"_NSProcessPerformanceProfileDefault"
2259	35	145605	6285429	"_OBJC_CLASS_$_CAMediaTimingFunction"
2260	35	146038	6285862	"_OBJC_CLASS_$_NSComparisonPredicate"
2261	35	146589	6286413	"_OBJC_CLASS_$_NSMutableCharacterSet"
2262	35	148248	6288072	"_OBJC_METACLASS_$_NSLengthFormatter"
2263	35	149757	6289581	"_UIScrollViewDecelerationRateNormal"
2264	35	156936	6296760	"__ZNSt3__119__shared_mutex_baseC1Ev"
2265	35	157061	6296885	"__ZNSt3__119__shared_weak_countD2Ev"
2266	35	158205	6298029	"__ZNSt3__17promiseIvE10get_futureEv"
2267	35	162269	6302093	"_objc_retainAutoreleasedReturnValue"
2268	34	184	6140008	"_CommonCounterClipperPrimitivesOut"
2269	34	5118	6144942	"_MLNOfflinePackUserInfoKeyProgress"
2270	34	5462	6145286	"_MLNShapeSourceOptionClusterRadius"
2271	34	6225	6146049	"_MLNUnsupportedRegionTypeException"
2272	34	6333	6146157	"_MLNVectorTileSourceOptionEncoding"
2273	34	6663	6146487	"_OBJC_CLASS_$_MLNCLLocationManager"
2274	34	7102	6146926	"_OBJC_CLASS_$_MLNDistanceFormatter"
2275	34	7323	6147147	"_OBJC_CLASS_$_MLNHeatmapStyleLayer"
2276	34	9407	6149231	"_OBJC_CLASS_$_MLNTileServerOptions"
2277	34	10240	6150064	"_OBJC_METACLASS_$_MLNCompassButton"
2278	34	11138	6150962	"_OBJC_METACLASS_$_MLNMapProjection"
2279	34	11512	6151336	"_OBJC_METACLASS_$_MLNMultiPolyline"
2280	34	12652	6152476	"_OBJC_METACLASS_$_MLNSMCalloutView"
2281	34	15605	6155429	"__ZN2CA7Private8Selector8s_klayerE"
2282	34	15676	6155500	"__ZN2NS7Private5Class10s_kNSArrayE"
2283	34	15711	6155535	"__ZN2NS7Private5Class10s_kNSErrorE"
2284	34	15746	6155570	"__ZN2NS7Private5Class10s_kNSValueE"
2285	34	25066	6164890	"__ZN2NS7Private8Selector8s_kallocE"
2286	34	25101	6164925	"__ZN2NS7Private8Selector8s_karrayE"
2287	34	25136	6164960	"__ZN2NS7Private8Selector8s_kcountE"
2288	34	25171	6164995	"__ZN2NS7Private8Selector8s_kdrainE"
2289	34	121378	6261202	"__ZN3MTL7Private8Selector7s_kdataE"
2290	34	121413	6261237	"__ZN3MTL7Private8Selector7s_kheapE"
2291	34	121448	6261272	"__ZN3MTL7Private8Selector7s_kinitE"
2292	34	121483	6261307	"__ZN3MTL7Private8Selector7s_klineE"
2293	34	121518	6261342	"__ZN3MTL7Private8Selector7s_klogsE"
2294	34	121553	6261377	"__ZN3MTL7Private8Selector7s_knameE"
2295	34	121588	6261412	"__ZN3MTL7Private8Selector7s_krankE"
2296	34	121623	6261447	"__ZN3MTL7Private8Selector7s_ksizeE"
2297	34	121658	6261482	"__ZN3MTL7Private8Selector7s_ktypeE"
2298	34	143826	6283650	"_MTLCommonCounterVertexInvocations"
2299	34	144579	6284403	"_NSLinguisticTagSchemeLexicalClass"
2300	34	146810	6286634	"_OBJC_CLASS_$_NSNotificationCenter"
2301	34	156136	6295960	"__ZNSt3__115recursive_mutex4lockEv"
2302	34	156674	6296498	"__ZNSt3__118condition_variableD1Ev"
2303	34	158966	6298790	"__ZTINSt3__119__shared_weak_countE"
2304	33	117	6139941	"_CommandBufferEncoderInfoErrorKey"
2305	33	287	6140111	"_CommonCounterFragmentInvocations"
2306	33	480	6140304	"_CommonCounterSetStageUtilization"
2307	33	4018	6143842	"_LocalizedRecoveryOptionsErrorKey"
2308	33	4701	6144525	"_MLNMapViewDecelerationRateNormal"
2309	33	6698	6146522	"_OBJC_CLASS_$_MLNCircleStyleLayer"
2310	33	7038	6146862	"_OBJC_CLASS_$_MLNCustomStyleLayer"
2311	33	8706	6148530	"_OBJC_CLASS_$_MLNRasterStyleLayer"
2312	33	8740	6148564	"_OBJC_CLASS_$_MLNRasterTileSource"
2313	33	9331	6149155	"_OBJC_CLASS_$_MLNSymbolStyleLayer"
2314	33	9686	6149510	"_OBJC_CLASS_$_MLNVectorStyleLayer"
2315	33	9720	6149544	"_OBJC_CLASS_$_MLNVectorTileSource"
2316	33	10488	6150312	"_OBJC_METACLASS_$_MLNDefaultStyle"
2317	33	10561	6150385	"_OBJC_METACLASS_$_MLNEmptyFeature"
2318	33	11437	6151261	"_OBJC_METACLASS_$_MLNMultiPolygon"
2319	33	12070	6151894	"_OBJC_METACLASS_$_MLNPointFeature"
2320	33	12390	6152214	"_OBJC_METACLASS_$_MLNReachability"
2321	33	13170	6152994	"_OBJC_METACLASS_$_MLNUserLocation"
2322	33	13663	6153487	"_ProcessPerformanceProfileDefault"
2323	33	14059	6153883	"__Z27MLNDurationFromTimeIntervald"
2324	33	24794	6164618	"__ZN2NS7Private8Selector7s_kcodeE"
2325	33	24828	6164652	"__ZN2NS7Private8Selector7s_kcopyE"
2326	33	24862	6164686	"__ZN2NS7Private8Selector7s_khashE"
2327	33	24896	6164720	"__ZN2NS7Private8Selector7s_kinitE"
2328	33	24930	6164754	"__ZN2NS7Private8Selector7s_kloadE"
2329	33	24964	6164788	"__ZN2NS7Private8Selector7s_klockE"
2330	33	24998	6164822	"__ZN2NS7Private8Selector7s_knameE"
2331	33	25032	6164856	"__ZN2NS7Private8Selector7s_kwaitE"
2332	33	119367	6259191	"__ZN3MTL7Private8Selector6s_kURLE"
2333	33	119401	6259225	"__ZN3MTL7Private8Selector6s_kurlE"
2334	33	139903	6279727	"_udata_openSwapperForInputData_61"
2335	33	143017	6282841	"_CTLineCreateWithAttributedString"
2336	33	144358	6284182	"_NSInternalInconsistencyException"
2337	33	144743	6284567	"_NSLocalizedFailureReasonErrorKey"
2338	33	145549	6285373	"_OBJC_CLASS_$_CAKeyframeAnimation"
2339	33	146074	6285898	"_OBJC_CLASS_$_NSCompoundPredicate"
2340	33	146398	6286222	"_OBJC_CLASS_$_NSJSONSerialization"
2341	33	146653	6286477	"_OBJC_CLASS_$_NSMutableDictionary"
2342	33	146776	6286600	"_OBJC_CLASS_$_NSMutableURLRequest"
2343	33	148571	6288395	"_SCNetworkReachabilitySetCallback"
2344	33	149723	6289547	"_UIScrollViewDecelerationRateFast"
2345	33	157097	6296921	"__ZNSt3__119__thread_local_dataEv"
2346	33	158241	6298065	"__ZNSt3__17promiseIvE9set_valueEv"
2347	33	160073	6299897	"___CFConstantStringClassReference"
2348	32	151	6139975	"_CommonCounterClipperInvocations"
2349	32	568	6140392	"_CommonCounterTessellationCycles"
2350	32	1324	6141148	"_FT_Face_GetCharVariantIsDefault"
2351	32	3086	6142910	"_FT_Palette_Set_Foreground_Color"
2352	32	4918	6144742	"_MLNOfflinePackErrorNotification"
2353	32	6300	6146124	"_MLNUserLocationHeadingArrowSize"
2354	32	6489	6146313	"_OBJC_CLASS_$_MLNAnnotationImage"
2355	32	6592	6146416	"_OBJC_CLASS_$_MLNAttributionInfo"
2356	32	8133	6147957	"_OBJC_CLASS_$_MLNNetworkResponse"
2357	32	8384	6148208	"_OBJC_CLASS_$_MLNPointAnnotation"
2358	32	8417	6148241	"_OBJC_CLASS_$_MLNPointCollection"
2359	32	8640	6148464	"_OBJC_CLASS_$_MLNPolylineFeature"
2360	32	8673	6148497	"_OBJC_CLASS_$_MLNRasterDEMSource"
2361	32	9118	6148942	"_OBJC_CLASS_$_MLNShapeCollection"
2362	32	10847	6150671	"_OBJC_METACLASS_$_MLNImageSource"
2363	32	11173	6150997	"_OBJC_METACLASS_$_MLNMapSnapshot"
2364	32	11710	6151534	"_OBJC_METACLASS_$_MLNOfflinePack"
2365	32	11833	6151657	"_OBJC_METACLASS_$_MLNPluginLayer"
2366	32	12895	6152719	"_OBJC_METACLASS_$_MLNShapeSource"
2367	32	16202	6156026	"__ZN2NS7Private5Class9s_kNSDateE"
2368	32	140131	6279955	"_uprv_compareInvEbcdicAsAscii_61"
2369	32	142417	6282241	"_CGImageSourceCreateImageAtIndex"
2370	32	143394	6283218	"_MTLCommonCounterFragmentsPassed"
2371	32	144186	6284010	"_NSDocumentTypeDocumentAttribute"
2372	32	145931	6285755	"_OBJC_CLASS_$_NSAttributedString"
2373	32	146432	6286256	"_OBJC_CLASS_$_NSLayoutConstraint"
2374	32	148039	6287863	"_OBJC_CLASS_$_UITabBarController"
2375	32	148822	6288646	"_UIAccessibilityPostNotification"
2376	32	151848	6291672	"__ZNSt20bad_array_new_lengthC1Ev"
2377	32	151881	6291705	"__ZNSt20bad_array_new_lengthD1Ev"
2378	32	155461	6295285	"__ZNSt3__115__get_classnameEPKcb"
2379	32	159264	6299088	"__ZTVNSt3__117__assoc_sub_stateE"
2380	32	160532	6300356	"__dispatch_queue_attr_concurrent"
2381	32	161488	6301312	"_kCFTypeDictionaryValueCallBacks"
2382	32	162378	6302202	"_objc_setProperty_nonatomic_copy"
2383	31	717	6140541	"_CommonCounterVertexInvocations"
2384	31	2387	6142211	"_FT_Library_SetLcdFilterWeights"
2385	31	3986	6143810	"_LocalizedFailureReasonErrorKey"
2386	31	4482	6144306	"_MLNInvalidOfflinePackException"
2387	31	4545	6144369	"_MLNInvalidStyleSourceException"
2388	31	4632	6144456	"_MLNMapViewDecelerationRateFast"
2389	31	5047	6144871	"_MLNOfflinePackUserInfoKeyError"
2390	31	5153	6144977	"_MLNOfflinePackUserInfoKeyState"
2391	31	6011	6145835	"_MLNTileSourceOptionDEMEncoding"
2392	31	6522	6146346	"_OBJC_CLASS_$_MLNAnnotationView"
2393	31	7253	6147077	"_OBJC_CLASS_$_MLNFillStyleLayer"
2394	31	7488	6147312	"_OBJC_CLASS_$_MLNLineStyleLayer"
2395	31	7786	6147610	"_OBJC_CLASS_$_MLNMapSnapshotter"
2396	31	8195	6148019	"_OBJC_CLASS_$_MLNOfflineStorage"
2397	31	8582	6148406	"_OBJC_CLASS_$_MLNPolygonFeature"
2398	31	8843	6148667	"_OBJC_CLASS_$_MLNRenderingStats"
2399	31	11106	6150930	"_OBJC_METACLASS_$_MLNMapOptions"
2400	31	11405	6151229	"_OBJC_METACLASS_$_MLNMultiPoint"
2401	31	12983	6152807	"_OBJC_METACLASS_$_MLNStyleLayer"
2402	31	13138	6152962	"_OBJC_METACLASS_$_MLNTileSource"
2403	31	16138	6155962	"__ZN2NS7Private5Class8s_kNSSetE"
2404	31	16170	6155994	"__ZN2NS7Private5Class8s_kNSURLE"
2405	31	127336	6267160	"__ZNSt3__16ranges5__cpo6any_ofE"
2406	31	140208	6280032	"_uprv_ebcdicToLowercaseAscii_61"
2407	31	140499	6280323	"_uscript_getScriptExtensions_61"
2408	31	140782	6280606	"_utrie2_enumForLeadSurrogate_61"
2409	31	142479	6282303	"_CGPathCreateCopyByStrokingPath"
2410	31	142947	6282771	"_CTFontCreateWithFontDescriptor"
2411	31	143325	6283149	"_MTLCommonCounterFragmentCycles"
2412	31	144260	6284084	"_NSForegroundColorAttributeName"
2413	31	145817	6285641	"_OBJC_CLASS_$_CLLocationManager"
2414	31	146366	6286190	"_OBJC_CLASS_$_NSHTTPURLResponse"
2415	31	146465	6286289	"_OBJC_CLASS_$_NSLengthFormatter"
2416	31	146687	6286511	"_OBJC_CLASS_$_NSMutableIndexSet"
2417	31	146889	6286713	"_OBJC_CLASS_$_NSNumberFormatter"
2418	31	147508	6287332	"_OBJC_CLASS_$_UIAlertController"
2419	31	148897	6288721	"_UIAccessibilityTraitAdjustable"
2420	31	149002	6288826	"_UIAccessibilityTraitStaticText"
2421	31	151816	6291640	"__ZNSt19bad_optional_accessD1Ev"
2422	31	155494	6295318	"__ZNSt3__115__thread_structC1Ev"
2423	31	155526	6295350	"__ZNSt3__115__thread_structD1Ev"
2424	31	156208	6296032	"__ZNSt3__115recursive_mutexC1Ev"
2425	31	156240	6296064	"__ZNSt3__115recursive_mutexD1Ev"
2426	31	161581	6301405	"_kCLLocationCoordinate2DInvalid"
2427	30	1696	6141520	"_FT_Get_Default_Named_Instance"
2428	30	2244	6142068	"_FT_Get_Var_Design_Coordinates"
2429	30	3613	6143437	"_FT_Set_Var_Design_Coordinates"
2430	30	4451	6144275	"_MLNInvalidDatasourceException"
2431	30	4514	6144338	"_MLNInvalidStyleLayerException"
2432	30	5497	6145321	"_MLNShapeSourceOptionClustered"
2433	30	6848	6146672	"_OBJC_CLASS_$_MLNCompassButton"
2434	30	7654	6147478	"_OBJC_CLASS_$_MLNMapProjection"
2435	30	7988	6147812	"_OBJC_CLASS_$_MLNMultiPolyline"
2436	30	9012	6148836	"_OBJC_CLASS_$_MLNSMCalloutView"
2437	30	11075	6150899	"_OBJC_METACLASS_$_MLNMapCamera"
2438	30	131244	6271068	"_af_dummy_writing_system_class"
2439	30	132449	6272273	"_af_indic_writing_system_class"
2440	30	133040	6272864	"_af_latin_writing_system_class"
2441	30	139319	6279143	"_ubidi_getReorderingOptions_61"
2442	30	139505	6279329	"_ubidi_isOrderParagraphsLTR_61"
2443	30	139782	6279606	"_ubidi_setReorderingOptions_61"
2444	30	140911	6280735	"_utrie2_internalU8NextIndex_61"
2445	30	140942	6280766	"_utrie2_internalU8PrevIndex_61"
2446	30	141747	6281571	"_CGAffineTransformMakeRotation"
2447	30	142830	6282654	"_CLLocationCoordinate2DIsValid"
2448	30	145434	6285258	"_NSUnderlineStyleAttributeName"
2449	30	145487	6285311	"_OBJC_CLASS_$_CAAnimationGroup"
2450	30	145518	6285342	"_OBJC_CLASS_$_CABasicAnimation"
2451	30	146970	6286794	"_OBJC_CLASS_$_NSOperationQueue"
2452	30	148130	6287954	"_OBJC_CLASS_$_UIViewController"
2453	30	148187	6288011	"_OBJC_METACLASS_$_CAShapeLayer"
2454	30	148540	6288364	"_SCNetworkReachabilityGetFlags"
2455	30	155268	6295092	"__ZNSt3__114__shared_countD2Ev"
2456	30	161251	6301075	"_kCAMediaTimingFunctionDefault"
2457	30	161457	6301281	"_kCFTypeDictionaryKeyCallBacks"
2458	30	163210	6303034	"_sqlite3_extended_result_codes"
2459	29	321	6140145	"_CommonCounterFragmentsPassed"
2460	29	903	6140727	"_DeviceWasRemovedNotification"
2461	29	2214	6142038	"_FT_Get_Var_Blend_Coordinates"
2462	29	3451	6143275	"_FT_Set_MM_Design_Coordinates"
2463	29	3583	6143407	"_FT_Set_Var_Blend_Coordinates"
2464	29	7072	6146896	"_OBJC_CLASS_$_MLNDefaultStyle"
2465	29	7137	6146961	"_OBJC_CLASS_$_MLNEmptyFeature"
2466	29	7921	6147745	"_OBJC_CLASS_$_MLNMultiPolygon"
2467	29	8490	6148314	"_OBJC_CLASS_$_MLNPointFeature"
2468	29	8774	6148598	"_OBJC_CLASS_$_MLNReachability"
2469	29	9470	6149294	"_OBJC_CLASS_$_MLNUserLocation"
2470	29	12210	6152034	"_OBJC_METACLASS_$_MLNPolyline"
2471	29	12687	6152511	"_OBJC_METACLASS_$_MLNScaleBar"
2472	29	12717	6152541	"_OBJC_METACLASS_$_MLNSettings"
2473	29	13839	6153663	"_T_CString_integerToString_61"
2474	29	13869	6153693	"_T_CString_stringToInteger_61"
2475	29	136263	6276087	"_ft_bitmap_sdf_renderer_class"
2476	29	139209	6279033	"_ubidi_getParagraphByIndex_61"
2477	29	141014	6280838	"_utrie2_openFromSerialized_61"
2478	29	141690	6281514	"_CFStringCreateWithCharacters"
2479	29	142221	6282045	"_CGDataProviderCreateWithData"
2480	29	142336	6282160	"_CGImageCreateWithImageInRect"
2481	29	143602	6283426	"_MTLCommonCounterSetStatistic"
2482	29	143632	6283456	"_MTLCommonCounterSetTimestamp"
2483	29	143796	6283620	"_MTLCommonCounterVertexCycles"
2484	29	143884	6283708	"_MTLCreateSystemDefaultDevice"
2485	29	145404	6285228	"_NSURLIsExcludedFromBackupKey"
2486	29	146150	6285974	"_OBJC_CLASS_$_NSDateFormatter"
2487	29	146180	6286004	"_OBJC_CLASS_$_NSDecimalNumber"
2488	29	146746	6286570	"_OBJC_CLASS_$_NSMutableString"
2489	29	147217	6287041	"_OBJC_CLASS_$_NSURLComponents"
2490	29	148218	6288042	"_OBJC_METACLASS_$_NSFormatter"
2491	29	148311	6288135	"_OBJC_METACLASS_$_NSOperation"
2492	29	148382	6288206	"_OBJC_METACLASS_$_UIImageView"
2493	29	149921	6289745	"__ZNKSt13runtime_error4whatEv"
2494	29	151121	6290945	"__ZNKSt3__18ios_base6getlocEv"
2495	29	156106	6295930	"__ZNSt3__115future_categoryEv"
2496	29	156272	6296096	"__ZNSt3__115system_categoryEv"
2497	29	161319	6301143	"_kCAMediaTimingFunctionLinear"
2498	29	162348	6302172	"_objc_setProperty_atomic_copy"
2499	28	258	6140082	"_CommonCounterFragmentCycles"
2500	28	1295	6141119	"_FT_Face_GetCharVariantIndex"
2501	28	1384	6141208	"_FT_Face_GetVariantSelectors"
2502	28	1801	6141625	"_FT_Get_MM_Blend_Coordinates"
2503	28	2162	6141986	"_FT_Get_TrueType_Engine_Type"
2504	28	3422	6143246	"_FT_Set_MM_Blend_Coordinates"
2505	28	4190	6144014	"_MLNClusterIdentifierInvalid"
2506	28	4577	6144401	"_MLNInvalidStyleURLException"
2507	28	5251	6145075	"_MLNRedundantSourceException"
2508	28	6158	6145982	"_MLNTileSourceOptionTileSize"
2509	28	7395	6147219	"_OBJC_CLASS_$_MLNImageSource"
2510	28	7685	6147509	"_OBJC_CLASS_$_MLNMapSnapshot"
2511	28	8166	6147990	"_OBJC_CLASS_$_MLNOfflinePack"
2512	28	8277	6148101	"_OBJC_CLASS_$_MLNPluginLayer"
2513	28	9227	6149051	"_OBJC_CLASS_$_MLNShapeSource"
2514	28	11322	6151146	"_OBJC_METACLASS_$_MLNMapView"
2515	28	12145	6151969	"_OBJC_METACLASS_$_MLNPolygon"
2516	28	130511	6270335	"_af_cjk_writing_system_class"
2517	28	136126	6275950	"_cff_cmap_encoding_class_rec"
2518	28	138999	6278823	"_ubidi_getCustomizedClass_61"
2519	28	139262	6279086	"_ubidi_getProcessedLength_61"
2520	28	139571	6279395	"_ubidi_orderParagraphsLTR_61"
2521	28	140045	6279869	"_udata_swapInvStringBlock_61"
2522	28	141377	6281201	"_CFDataCreateWithBytesNoCopy"
2523	28	141854	6281678	"_CGColorSpaceCreateDeviceRGB"
2524	28	141945	6281769	"_CGContextDrawRadialGradient"
2525	28	142143	6281967	"_CGContextSetTextDrawingMode"
2526	28	142450	6282274	"_CGImageSourceCreateWithData"
2527	28	143767	6283591	"_MTLCommonCounterTotalCycles"
2528	28	143938	6283762	"_NSBundleDidLoadNotification"
2529	28	145161	6284985	"_NSRecoveryAttempterErrorKey"
2530	28	145987	6285811	"_OBJC_CLASS_$_NSCharacterSet"
2531	28	146520	6286344	"_OBJC_CLASS_$_NSMutableArray"
2532	28	147247	6287071	"_OBJC_CLASS_$_NSURLQueryItem"
2533	28	147392	6287216	"_OBJC_CLASS_$_NSUserDefaults"
2534	28	149529	6289353	"_UIGraphicsBeginImageContext"
2535	28	149625	6289449	"_UIGraphicsGetCurrentContext"
2536	28	151328	6291152	"__ZNSt13exception_ptrC1ERKS_"
2537	28	151383	6291207	"__ZNSt13exception_ptraSERKS_"
2538	28	151531	6291355	"__ZNSt13runtime_errorC1ERKS_"
2539	28	151679	6291503	"__ZNSt13runtime_errorC2ERKS_"
2540	28	151787	6291611	"__ZNSt16invalid_argumentD1Ev"
2541	28	152066	6291890	"__ZNSt3__112bad_weak_ptrD1Ev"
2542	28	153900	6293724	"__ZNSt3__112future_errorD1Ev"
2543	28	154033	6293857	"__ZNSt3__112system_errorD2Ev"
2544	28	159462	6299286	"__ZTVSt19bad_optional_access"
2545	28	160485	6300309	"__availability_version_check"
2546	28	161635	6301459	"_kCTFontCascadeListAttribute"
2547	28	161970	6301794	"_objc_autoreleaseReturnValue"
2548	27	875	6140699	"_DeviceWasAddedNotification"
2549	27	1592	6141416	"_FT_Get_Color_Glyph_ClipBox"
2550	27	2919	6142743	"_FT_Outline_Get_Orientation"
2551	27	3347	6143171	"_FT_Set_Default_Log_Handler"
2552	27	3719	6143543	"_FT_Trace_Set_Default_Level"
2553	27	4162	6143986	"_MLNBundleNotFoundException"
2554	27	5185	6145009	"_MLNRedundantLayerException"
2555	27	5319	6145143	"_MLNShapeSourceOptionBuffer"
2556	27	7626	6147450	"_OBJC_CLASS_$_MLNMapOptions"
2557	27	7893	6147717	"_OBJC_CLASS_$_MLNMultiPoint"
2558	27	9303	6149127	"_OBJC_CLASS_$_MLNStyleLayer"
2559	27	9442	6149266	"_OBJC_CLASS_$_MLNTileSource"
2560	27	12928	6152752	"_OBJC_METACLASS_$_MLNSource"
2561	27	13811	6153635	"_T_CString_int64ToString_61"
2562	27	136155	6275979	"_cff_cmap_unicode_class_rec"
2563	27	137045	6276869	"_t1_cmap_standard_class_rec"
2564	27	138588	6278412	"_u_strncmpCodePointOrder_61"
2565	27	139291	6279115	"_ubidi_getReorderingMode_61"
2566	27	139754	6279578	"_ubidi_setReorderingMode_61"
2567	27	140327	6280151	"_uprv_isInvariantUString_61"
2568	27	140637	6280461	"_utf8_appendCharSafeBody_61"
2569	27	141826	6281650	"_CGColorCreateCopyWithAlpha"
2570	27	142274	6282098	"_CGGradientCreateWithColors"
2571	27	142861	6282685	"_CLLocationCoordinate2DMake"
2572	27	144112	6283936	"_NSDebugDescriptionErrorKey"
2573	27	144392	6284216	"_NSInvalidArgumentException"
2574	27	144471	6284295	"_NSLinguisticTagConjunction"
2575	27	144551	6284375	"_NSLinguisticTagPreposition"
2576	27	144715	6284539	"_NSLocalizedFailureErrorKey"
2577	27	145361	6285185	"_NSStrokeWidthAttributeName"
2578	27	145695	6285519	"_OBJC_CLASS_$_CATransaction"
2579	27	146312	6286136	"_OBJC_CLASS_$_NSFileManager"
2580	27	146625	6286449	"_OBJC_CLASS_$_NSMutableData"
2581	27	147001	6286825	"_OBJC_CLASS_$_NSOrthography"
2582	27	147055	6286879	"_OBJC_CLASS_$_NSProcessInfo"
2583	27	147276	6287100	"_OBJC_CLASS_$_NSURLResponse"
2584	27	147480	6287304	"_OBJC_CLASS_$_UIAlertAction"
2585	27	147540	6287364	"_OBJC_CLASS_$_UIApplication"
2586	27	148974	6288798	"_UIAccessibilityTraitButton"
2587	27	151412	6291236	"__ZNSt13runtime_errorC1EPKc"
2588	27	151560	6291384	"__ZNSt13runtime_errorC2EPKc"
2589	27	152011	6291835	"__ZNSt3__111regex_errorD1Ev"
2590	27	158384	6298208	"__ZNSt3__18ios_base4initEPv"
2591	27	158412	6298236	"__ZNSt3__18ios_base5clearEj"
2592	27	159208	6299032	"__ZTVNSt3__112bad_weak_ptrE"
2593	27	159236	6299060	"__ZTVNSt3__112future_errorE"
2594	27	159434	6299258	"__ZTVSt18bad_variant_access"
2595	26	25	6139849	"_BundleDidLoadNotification"
2596	26	514	6140338	"_CommonCounterSetStatistic"
2597	26	541	6140365	"_CommonCounterSetTimestamp"
2598	26	690	6140514	"_CommonCounterVertexCycles"
2599	26	1357	6141181	"_FT_Face_GetCharsOfVariant"
2600	26	1413	6141237	"_FT_Face_GetVariantsOfChar"
2601	26	2419	6142243	"_FT_Library_SetLcdGeometry"
2602	26	3375	6143199	"_FT_Set_Default_Properties"
2603	26	4110	6143934	"_MLNAbstractClassException"
2604	26	7599	6147423	"_OBJC_CLASS_$_MLNMapCamera"
2605	26	10925	6150749	"_OBJC_METACLASS_$_MLNLight"
2606	26	12747	6152571	"_OBJC_METACLASS_$_MLNShape"
2607	26	12956	6152780	"_OBJC_METACLASS_$_MLNStyle"
2608	26	13733	6153557	"_RecoveryAttempterErrorKey"
2609	26	25494	6165318	"__ZN3MTL14CopyAllDevicesEv"
2610	26	129478	6269302	"_af_adlm_nonbase_uniranges"
2611	26	129572	6269396	"_af_arab_nonbase_uniranges"
2612	26	129666	6269490	"_af_armn_nonbase_uniranges"
2613	26	129785	6269609	"_af_avst_nonbase_uniranges"
2614	26	129879	6269703	"_af_bamu_nonbase_uniranges"
2615	26	129973	6269797	"_af_beng_nonbase_uniranges"
2616	26	130067	6269891	"_af_buhd_nonbase_uniranges"
2617	26	130161	6269985	"_af_cakm_nonbase_uniranges"
2618	26	130255	6270079	"_af_cans_nonbase_uniranges"
2619	26	130349	6270173	"_af_cari_nonbase_uniranges"
2620	26	130443	6270267	"_af_cher_nonbase_uniranges"
2621	26	130566	6270390	"_af_copt_nonbase_uniranges"
2622	26	130660	6270484	"_af_cprt_nonbase_uniranges"
2623	26	130806	6270630	"_af_cyrl_nonbase_uniranges"
2624	26	131082	6270906	"_af_deva_nonbase_uniranges"
2625	26	131176	6271000	"_af_dsrt_nonbase_uniranges"
2626	26	131301	6271125	"_af_ethi_nonbase_uniranges"
2627	26	131395	6271219	"_af_geok_nonbase_uniranges"
2628	26	131489	6271313	"_af_geor_nonbase_uniranges"
2629	26	131583	6271407	"_af_glag_nonbase_uniranges"
2630	26	131677	6271501	"_af_goth_nonbase_uniranges"
2631	26	131823	6271647	"_af_grek_nonbase_uniranges"
2632	26	132099	6271923	"_af_gujr_nonbase_uniranges"
2633	26	132193	6272017	"_af_guru_nonbase_uniranges"
2634	26	132287	6272111	"_af_hani_nonbase_uniranges"
2635	26	132381	6272205	"_af_hebr_nonbase_uniranges"
2636	26	132506	6272330	"_af_kali_nonbase_uniranges"
2637	26	132600	6272424	"_af_khmr_nonbase_uniranges"
2638	26	132694	6272518	"_af_khms_nonbase_uniranges"
2639	26	132788	6272612	"_af_knda_nonbase_uniranges"
2640	26	132972	6272796	"_af_latb_nonbase_uniranges"
2641	26	133149	6272973	"_af_latn_nonbase_uniranges"
2642	26	133425	6273249	"_af_latp_nonbase_uniranges"
2643	26	133519	6273343	"_af_limb_nonbase_uniranges"
2644	26	133613	6273437	"_af_lisu_nonbase_uniranges"
2645	26	133707	6273531	"_af_medf_nonbase_uniranges"
2646	26	133801	6273625	"_af_mlym_nonbase_uniranges"
2647	26	133895	6273719	"_af_mong_nonbase_uniranges"
2648	26	133989	6273813	"_af_mymr_nonbase_uniranges"
2649	26	134083	6273907	"_af_nkoo_nonbase_uniranges"
2650	26	134177	6274001	"_af_none_nonbase_uniranges"
2651	26	134271	6274095	"_af_olck_nonbase_uniranges"
2652	26	134365	6274189	"_af_orkh_nonbase_uniranges"
2653	26	134459	6274283	"_af_orya_nonbase_uniranges"
2654	26	134553	6274377	"_af_osge_nonbase_uniranges"
2655	26	134647	6274471	"_af_osma_nonbase_uniranges"
2656	26	134741	6274565	"_af_rohg_nonbase_uniranges"
2657	26	134835	6274659	"_af_saur_nonbase_uniranges"
2658	26	135041	6274865	"_af_shaw_nonbase_uniranges"
2659	26	135135	6274959	"_af_sinh_nonbase_uniranges"
2660	26	135229	6275053	"_af_sund_nonbase_uniranges"
2661	26	135323	6275147	"_af_sylo_nonbase_uniranges"
2662	26	135417	6275241	"_af_taml_nonbase_uniranges"
2663	26	135511	6275335	"_af_tavt_nonbase_uniranges"
2664	26	135605	6275429	"_af_telu_nonbase_uniranges"
2665	26	135699	6275523	"_af_tfng_nonbase_uniranges"
2666	26	135793	6275617	"_af_thai_nonbase_uniranges"
2667	26	135887	6275711	"_af_tibt_nonbase_uniranges"
2668	26	135981	6275805	"_af_vaii_nonbase_uniranges"
2669	26	136458	6276282	"_ft_raster1_renderer_class"
2670	26	137073	6276897	"_t1_cmap_unicode_class_rec"
2671	26	137399	6277223	"_tt_cmap_unicode_class_rec"
2672	26	137426	6277250	"_tt_default_graphics_state"
2673	26	137678	6277502	"_u_getBidiPairedBracket_61"
2674	26	138198	6278022	"_u_memcmpCodePointOrder_61"
2675	26	138426	6278250	"_u_strHasMoreChar32Than_61"
2676	26	138494	6278318	"_u_strcmpCodePointOrder_61"
2677	26	138926	6278750	"_ubidi_getBaseDirection_61"
2678	26	138953	6278777	"_ubidi_getClassCallback_61"
2679	26	139649	6279473	"_ubidi_setClassCallback_61"
2680	26	140300	6280124	"_uprv_isInvariantString_61"
2681	26	141187	6281011	"_CATransform3DMakeRotation"
2682	26	141586	6281410	"_CFRunLoopSourceInvalidate"
2683	26	141720	6281544	"_CGAffineTransformIdentity"
2684	26	143121	6282945	"_CTRunGetTypographicBounds"
2685	26	143740	6283564	"_MTLCommonCounterTimestamp"
2686	26	144444	6284268	"_NSLinguisticTagClassifier"
2687	26	144499	6284323	"_NSLinguisticTagDeterminer"
2688	26	144635	6284459	"_NSLocaleMeasurementSystem"
2689	26	144688	6284512	"_NSLocalizedDescriptionKey"
2690	26	145641	6285465	"_OBJC_CLASS_$_CAMetalLayer"
2691	26	145668	6285492	"_OBJC_CLASS_$_CAShapeLayer"
2692	26	146210	6286034	"_OBJC_CLASS_$_NSDictionary"
2693	26	146285	6286109	"_OBJC_CLASS_$_NSExpression"
2694	26	146719	6286543	"_OBJC_CLASS_$_NSMutableSet"
2695	26	147304	6287128	"_OBJC_CLASS_$_NSURLSession"
2696	26	147568	6287392	"_OBJC_CLASS_$_UIBezierPath"
2697	26	148284	6288108	"_OBJC_METACLASS_$_NSObject"
2698	26	149598	6289422	"_UIGraphicsEndImageContext"
2699	26	151202	6291026	"__ZNSt11logic_errorC2ERKS_"
2700	26	151760	6291584	"__ZNSt14overflow_errorD1Ev"
2701	26	152039	6291863	"__ZNSt3__112__next_primeEm"
2702	26	157885	6297709	"__ZNSt3__16futureIvE3getEv"
2703	26	160856	6300680	"_dispatch_get_global_queue"
2704	26	163273	6303097	"_sqlite3_last_insert_rowid"
2705	26	163300	6303124	"_sqlite3_libversion_number"
2706	25	664	6140488	"_CommonCounterTotalCycles"
2707	25	769	6140593	"_DebugDescriptionErrorKey"
2708	25	1620	6141444	"_FT_Get_Color_Glyph_Layer"
2709	25	1646	6141470	"_FT_Get_Color_Glyph_Paint"
2710	25	3960	6143784	"_LocalizedFailureErrorKey"
2711	25	4606	6144430	"_MLNMapPointForCoordinate"
2712	25	8614	6148438	"_OBJC_CLASS_$_MLNPolyline"
2713	25	9043	6148867	"_OBJC_CLASS_$_MLNScaleBar"
2714	25	9069	6148893	"_OBJC_CLASS_$_MLNSettings"
2715	25	13899	6153723	"_T_CString_toLowerCase_61"
2716	25	13925	6153749	"_T_CString_toUpperCase_61"
2717	25	129452	6269276	"_af_adlm_dflt_style_class"
2718	25	129546	6269370	"_af_arab_dflt_style_class"
2719	25	129640	6269464	"_af_armn_dflt_style_class"
2720	25	129759	6269583	"_af_avst_dflt_style_class"
2721	25	129853	6269677	"_af_bamu_dflt_style_class"
2722	25	129947	6269771	"_af_beng_dflt_style_class"
2723	25	130041	6269865	"_af_buhd_dflt_style_class"
2724	25	130135	6269959	"_af_cakm_dflt_style_class"
2725	25	130229	6270053	"_af_cans_dflt_style_class"
2726	25	130323	6270147	"_af_cari_dflt_style_class"
2727	25	130417	6270241	"_af_cher_dflt_style_class"
2728	25	130540	6270364	"_af_copt_dflt_style_class"
2729	25	130634	6270458	"_af_cprt_dflt_style_class"
2730	25	130728	6270552	"_af_cyrl_c2cp_style_class"
2731	25	130754	6270578	"_af_cyrl_c2sc_style_class"
2732	25	130780	6270604	"_af_cyrl_dflt_style_class"
2733	25	130833	6270657	"_af_cyrl_ordn_style_class"
2734	25	130859	6270683	"_af_cyrl_pcap_style_class"
2735	25	130907	6270731	"_af_cyrl_sinf_style_class"
2736	25	130933	6270757	"_af_cyrl_smcp_style_class"
2737	25	130959	6270783	"_af_cyrl_subs_style_class"
2738	25	130985	6270809	"_af_cyrl_sups_style_class"
2739	25	131011	6270835	"_af_cyrl_titl_style_class"
2740	25	131056	6270880	"_af_deva_dflt_style_class"
2741	25	131150	6270974	"_af_dsrt_dflt_style_class"
2742	25	131275	6271099	"_af_ethi_dflt_style_class"
2743	25	131369	6271193	"_af_geok_dflt_style_class"
2744	25	131463	6271287	"_af_geor_dflt_style_class"
2745	25	131557	6271381	"_af_glag_dflt_style_class"
2746	25	131651	6271475	"_af_goth_dflt_style_class"
2747	25	131745	6271569	"_af_grek_c2cp_style_class"
2748	25	131771	6271595	"_af_grek_c2sc_style_class"
2749	25	131797	6271621	"_af_grek_dflt_style_class"
2750	25	131850	6271674	"_af_grek_ordn_style_class"
2751	25	131876	6271700	"_af_grek_pcap_style_class"
2752	25	131924	6271748	"_af_grek_sinf_style_class"
2753	25	131950	6271774	"_af_grek_smcp_style_class"
2754	25	131976	6271800	"_af_grek_subs_style_class"
2755	25	132002	6271826	"_af_grek_sups_style_class"
2756	25	132028	6271852	"_af_grek_titl_style_class"
2757	25	132073	6271897	"_af_gujr_dflt_style_class"
2758	25	132167	6271991	"_af_guru_dflt_style_class"
2759	25	132261	6272085	"_af_hani_dflt_style_class"
2760	25	132355	6272179	"_af_hebr_dflt_style_class"
2761	25	132480	6272304	"_af_kali_dflt_style_class"
2762	25	132574	6272398	"_af_khmr_dflt_style_class"
2763	25	132668	6272492	"_af_khms_dflt_style_class"
2764	25	132762	6272586	"_af_knda_dflt_style_class"
2765	25	132881	6272705	"_af_lao_nonbase_uniranges"
2766	25	132946	6272770	"_af_latb_dflt_style_class"
2767	25	133071	6272895	"_af_latn_c2cp_style_class"
2768	25	133097	6272921	"_af_latn_c2sc_style_class"
2769	25	133123	6272947	"_af_latn_dflt_style_class"
2770	25	133176	6273000	"_af_latn_ordn_style_class"
2771	25	133202	6273026	"_af_latn_pcap_style_class"
2772	25	133250	6273074	"_af_latn_sinf_style_class"
2773	25	133276	6273100	"_af_latn_smcp_style_class"
2774	25	133302	6273126	"_af_latn_subs_style_class"
2775	25	133328	6273152	"_af_latn_sups_style_class"
2776	25	133354	6273178	"_af_latn_titl_style_class"
2777	25	133399	6273223	"_af_latp_dflt_style_class"
2778	25	133493	6273317	"_af_limb_dflt_style_class"
2779	25	133587	6273411	"_af_lisu_dflt_style_class"
2780	25	133681	6273505	"_af_medf_dflt_style_class"
2781	25	133775	6273599	"_af_mlym_dflt_style_class"
2782	25	133869	6273693	"_af_mong_dflt_style_class"
2783	25	133963	6273787	"_af_mymr_dflt_style_class"
2784	25	134057	6273881	"_af_nkoo_dflt_style_class"
2785	25	134151	6273975	"_af_none_dflt_style_class"
2786	25	134245	6274069	"_af_olck_dflt_style_class"
2787	25	134339	6274163	"_af_orkh_dflt_style_class"
2788	25	134433	6274257	"_af_orya_dflt_style_class"
2789	25	134527	6274351	"_af_osge_dflt_style_class"
2790	25	134621	6274445	"_af_osma_dflt_style_class"
2791	25	134715	6274539	"_af_rohg_dflt_style_class"
2792	25	134809	6274633	"_af_saur_dflt_style_class"
2793	25	135015	6274839	"_af_shaw_dflt_style_class"
2794	25	135109	6274933	"_af_sinh_dflt_style_class"
2795	25	135203	6275027	"_af_sund_dflt_style_class"
2796	25	135297	6275121	"_af_sylo_dflt_style_class"
2797	25	135391	6275215	"_af_taml_dflt_style_class"
2798	25	135485	6275309	"_af_tavt_dflt_style_class"
2799	25	135579	6275403	"_af_telu_dflt_style_class"
2800	25	135673	6275497	"_af_tfng_dflt_style_class"
2801	25	135767	6275591	"_af_thai_dflt_style_class"
2802	25	135861	6275685	"_af_tibt_dflt_style_class"
2803	25	135955	6275779	"_af_vaii_dflt_style_class"
2804	25	136537	6276361	"_ft_smooth_renderer_class"
2805	25	136993	6276817	"_t1_cmap_custom_class_rec"
2806	25	137019	6276843	"_t1_cmap_expert_class_rec"
2807	25	138880	6278704	"_ubidi_countParagraphs_61"
2808	25	139112	6278936	"_ubidi_getLogicalIndex_61"
2809	25	139350	6279174	"_ubidi_getResultLength_61"
2810	25	140713	6280537	"_utf8_nextCharSafeBody_61"
2811	25	140739	6280563	"_utf8_prevCharSafeBody_61"
2812	25	141259	6281083	"_CFAbsoluteTimeGetCurrent"
2813	25	141351	6281175	"_CFAttributedStringCreate"
2814	25	142172	6281996	"_CGContextSetTextPosition"
2815	25	144662	6284486	"_NSLocaleUsesMetricSystem"
2816	25	145271	6285095	"_NSStringEncodingErrorKey"
2817	25	145335	6285159	"_NSStringTransformToLatin"
2818	25	146259	6286083	"_OBJC_CLASS_$_NSException"
2819	25	146340	6286164	"_OBJC_CLASS_$_NSFormatter"
2820	25	146944	6286768	"_OBJC_CLASS_$_NSOperation"
2821	25	147029	6286853	"_OBJC_CLASS_$_NSPredicate"
2822	25	147730	6287554	"_OBJC_CLASS_$_UIImageView"
2823	25	148161	6287985	"_OBJC_METACLASS_$_CALayer"
2824	25	148412	6288236	"_OBJC_METACLASS_$_UILabel"
2825	25	149697	6289521	"_UIImagePNGRepresentation"
2826	25	151017	6290841	"__ZNKSt3__16locale4nameEv"
2827	25	151176	6291000	"__ZNSt11logic_errorC2EPKc"
2828	25	151357	6291181	"__ZNSt13exception_ptrD1Ev"
2829	25	151708	6291532	"__ZNSt13runtime_errorD1Ev"
2830	25	151734	6291558	"__ZNSt13runtime_errorD2Ev"
2831	25	157509	6297333	"__ZNSt3__15mutex6unlockEv"
2832	25	157981	6297805	"__ZNSt3__16localeC1ERKS0_"
2833	25	158179	6298003	"__ZNSt3__17collateIcE2idE"
2834	25	158275	6298099	"__ZNSt3__17promiseIvEC1Ev"
2835	25	158301	6298125	"__ZNSt3__17promiseIvED1Ev"
2836	25	158867	6298691	"__ZSt17current_exceptionv"
2837	25	159408	6299232	"__ZTVSt16invalid_argument"
2838	25	160140	6299964	"___cxa_allocate_exception"
2839	25	161805	6301629	"_method_getImplementation"
2840	25	161944	6301768	"_objc_autoreleasePoolPush"
2841	25	162032	6301856	"_objc_enumerationMutation"
2842	24	1526	6141350	"_FT_Get_CMap_Language_ID"
2843	24	2299	6142123	"_FT_GlyphSlot_Own_Bitmap"
2844	24	2362	6142186	"_FT_Library_SetLcdFilter"
2845	24	3935	6143759	"_LocalizedDescriptionKey"
2846	24	4137	6143961	"_MLNAltitudeForZoomLevel"
2847	24	6368	6146192	"_MLNZoomLevelForAltitude"
2848	24	7818	6147642	"_OBJC_CLASS_$_MLNMapView"
2849	24	8557	6148381	"_OBJC_CLASS_$_MLNPolygon"
2850	24	129734	6269558	"_af_autofitter_interface"
2851	24	132856	6272680	"_af_lao_dflt_style_class"
2852	24	136563	6276387	"_ft_standard_glyph_names"
2853	24	138308	6278132	"_u_setMemoryFunctions_61"
2854	24	139394	6279218	"_ubidi_getVisualIndex_61"
2855	24	139600	6279424	"_ubidi_reorderLogical_61"
2856	24	139813	6279637	"_ubidi_writeReordered_61"
2857	24	140020	6279844	"_udata_swapDataHeader_61"
2858	24	140183	6280007	"_uprv_ebcdicFromAscii_61"
2859	24	140688	6280512	"_utf8_countTrailBytes_61"
2860	24	141778	6281602	"_CGAffineTransformRotate"
2861	24	144526	6284350	"_NSLinguisticTagParticle"
2862	24	145792	6285616	"_OBJC_CLASS_$_CLLocation"
2863	24	148438	6288262	"_OBJC_METACLASS_$_UIView"
2864	24	149420	6289244	"_UIFontTextStyleHeadline"
2865	24	151151	6290975	"__ZNKSt9exception4whatEv"
2866	24	151253	6291077	"__ZNSt12domain_errorD1Ev"
2867	24	151278	6291102	"__ZNSt12length_errorD1Ev"
2868	24	151303	6291127	"__ZNSt12out_of_rangeD1Ev"
2869	24	157912	6297736	"__ZNSt3__16futureIvED1Ev"
2870	24	158051	6297875	"__ZNSt3__16thread4joinEv"
2871	24	160711	6300535	"_class_getInstanceMethod"
2872	24	161919	6301743	"_objc_autoreleasePoolPop"
2873	24	162323	6302147	"_objc_setProperty_atomic"
2874	23	640	6140464	"_CommonCounterTimestamp"
2875	23	951	6140775	"_FT_Add_Default_Modules"
2876	23	1672	6141496	"_FT_Get_Colorline_Stops"
2877	23	1845	6141669	"_FT_Get_MM_WeightVector"
2878	23	1977	6141801	"_FT_Get_Postscript_Name"
2879	23	2057	6141881	"_FT_Get_Sfnt_Name_Count"
2880	23	2275	6142099	"_FT_Get_X11_Font_Format"
2881	23	3481	6143305	"_FT_Set_MM_WeightVector"
2882	23	9256	6149080	"_OBJC_CLASS_$_MLNSource"
2883	23	13760	6153584	"_StringEncodingErrorKey"
2884	23	134971	6274795	"_af_shaper_get_coverage"
2885	23	137727	6277551	"_u_getUnicodeVersion_61"
2886	23	138764	6278588	"_u_terminateUChar32s_61"
2887	23	139138	6278962	"_ubidi_getLogicalMap_61"
2888	23	139162	6278986	"_ubidi_getLogicalRun_61"
2889	23	139625	6279449	"_ubidi_reorderVisual_61"
2890	23	141214	6281038	"_CATransform3DMakeScale"
2891	23	141327	6281151	"_CFArrayGetValueAtIndex"
2892	23	142011	6281835	"_CGContextRestoreGState"
2893	23	143148	6282972	"_MTLBinaryArchiveDomain"
2894	23	143914	6283738	"_MTLLogStateErrorDomain"
2895	23	144312	6284136	"_NSHTMLTextDocumentType"
2896	23	144420	6284244	"_NSKeyValueChangeNewKey"
2897	23	145723	6285547	"_OBJC_CLASS_$_CIContext"
2898	23	147083	6286907	"_OBJC_CLASS_$_NSRunLoop"
2899	23	147107	6286931	"_OBJC_CLASS_$_NSScanner"
2900	23	147640	6287464	"_OBJC_CLASS_$_UIControl"
2901	23	149505	6289329	"_UIFontWeightUltraLight"
2902	23	149858	6289682	"__NSConcreteGlobalBlock"
2903	23	151229	6291053	"__ZNSt11range_errorD1Ev"
2904	23	157461	6297285	"__ZNSt3__15ctypeIcE2idE"
2905	23	157485	6297309	"__ZNSt3__15mutex4lockEv"
2906	23	159384	6299208	"__ZTVSt14overflow_error"
2907	23	160832	6300656	"_dispatch_barrier_async"
2908	23	161831	6301655	"_method_getTypeEncoding"
2909	23	162245	6302069	"_objc_retainAutorelease"
2910	23	163016	6302840	"_sqlite3_clear_bindings"
2911	22	2191	6142015	"_FT_Get_Var_Axis_Flags"
2912	22	2852	6142676	"_FT_Outline_EmboldenXY"
2913	22	2875	6142699	"_FT_Outline_Get_Bitmap"
2914	22	3505	6143329	"_FT_Set_Named_Instance"
2915	22	4219	6144043	"_MLNCoordinateSpanZero"
2916	22	4382	6144206	"_MLNFontColorAttribute"
2917	22	4405	6144229	"_MLNFontNamesAttribute"
2918	22	4428	6144252	"_MLNFontScaleAttribute"
2919	22	7465	6147289	"_OBJC_CLASS_$_MLNLight"
2920	22	9095	6148919	"_OBJC_CLASS_$_MLNShape"
2921	22	9280	6149104	"_OBJC_CLASS_$_MLNStyle"
2922	22	134925	6274749	"_af_shaper_buf_destroy"
2923	22	134948	6274772	"_af_shaper_get_cluster"
2924	22	136500	6276324	"_ft_sdf_renderer_class"
2925	22	136608	6276432	"_ft_svg_renderer_class"
2926	22	136894	6276718	"_pshinter_module_class"
2927	22	139028	6278852	"_ubidi_getDirection_61"
2928	22	139186	6279010	"_ubidi_getParaLevel_61"
2929	22	139239	6279063	"_ubidi_getParagraph_61"
2930	22	139419	6279243	"_ubidi_getVisualMap_61"
2931	22	139442	6279266	"_ubidi_getVisualRun_61"
2932	22	139838	6279662	"_ubidi_writeReverse_61"
2933	22	139880	6279704	"_udata_closeSwapper_61"
2934	22	140240	6280064	"_uprv_ebcdictolower_61"
2935	22	140277	6280101	"_uprv_isASCIILetter_61"
2936	22	140665	6280489	"_utf8_back1SafeBody_61"
2937	22	141143	6280967	"_CATransform3DIdentity"
2938	22	141563	6281387	"_CFRunLoopSourceCreate"
2939	22	141613	6281437	"_CFRunLoopSourceSignal"
2940	22	141803	6281627	"_CGBitmapContextCreate"
2941	22	142075	6281899	"_CGContextSetBlendMode"
2942	22	142120	6281944	"_CGContextSetLineWidth"
2943	22	142198	6282022	"_CGContextTranslateCTM"
2944	22	142251	6282075	"_CGDataProviderRelease"
2945	22	143861	6283685	"_MTLCounterErrorDomain"
2946	22	144878	6284702	"_NSOSStatusErrorDomain"
2947	22	145747	6285571	"_OBJC_CLASS_$_CIFilter"
2948	22	145964	6285788	"_OBJC_CLASS_$_NSBundle"
2949	22	146497	6286321	"_OBJC_CLASS_$_NSLocale"
2950	22	146866	6286690	"_OBJC_CLASS_$_NSNumber"
2951	22	146921	6286745	"_OBJC_CLASS_$_NSObject"
2952	22	147151	6286975	"_OBJC_CLASS_$_NSString"
2953	22	147174	6286998	"_OBJC_CLASS_$_NSThread"
2954	22	147595	6287419	"_OBJC_CLASS_$_UIButton"
2955	22	147664	6287488	"_OBJC_CLASS_$_UIDevice"
2956	22	148016	6287840	"_OBJC_CLASS_$_UIScreen"
2957	22	149815	6289639	"__Block_object_dispose"
2958	22	149882	6289706	"__NSConcreteStackBlock"
2959	22	158488	6298312	"__ZNSt3__19to_stringEd"
2960	22	158511	6298335	"__ZNSt3__19to_stringEf"
2961	22	158534	6298358	"__ZNSt3__19to_stringEi"
2962	22	158557	6298381	"__ZNSt3__19to_stringEj"
2963	22	158580	6298404	"__ZNSt3__19to_stringEl"
2964	22	158603	6298427	"__ZNSt3__19to_stringEm"
2965	22	158626	6298450	"__ZNSt3__19to_stringEx"
2966	22	158649	6298473	"__ZNSt3__19to_stringEy"
2967	22	160915	6300739	"_dispatch_queue_create"
2968	22	161388	6301212	"_kCFRunLoopCommonModes"
2969	22	161411	6301235	"_kCFRunLoopDefaultMode"
2970	22	161434	6301258	"_kCFTypeArrayCallBacks"
2971	22	161521	6301345	"_kCIInputBrightnessKey"
2972	22	162128	6301952	"_objc_loadWeakRetained"
2973	21	1570	6141394	"_FT_Get_Charmap_Index"
2974	21	2100	6141924	"_FT_Get_SubGlyph_Info"
2975	21	2122	6141946	"_FT_Get_Track_Kerning"
2976	21	2792	6142616	"_FT_Outline_Decompose"
2977	21	3002	6142826	"_FT_Outline_Transform"
2978	21	3024	6142848	"_FT_Outline_Translate"
2979	21	3172	6142996	"_FT_Reference_Library"
2980	21	3767	6143591	"_FT_Vector_From_Polar"
2981	21	129505	6269329	"_af_adlm_script_class"
2982	21	129599	6269423	"_af_arab_script_class"
2983	21	129693	6269517	"_af_armn_script_class"
2984	21	129812	6269636	"_af_avst_script_class"
2985	21	129906	6269730	"_af_bamu_script_class"
2986	21	130000	6269824	"_af_beng_script_class"
2987	21	130094	6269918	"_af_buhd_script_class"
2988	21	130188	6270012	"_af_cakm_script_class"
2989	21	130282	6270106	"_af_cans_script_class"
2990	21	130376	6270200	"_af_cari_script_class"
2991	21	130470	6270294	"_af_cher_script_class"
2992	21	130593	6270417	"_af_copt_script_class"
2993	21	130687	6270511	"_af_cprt_script_class"
2994	21	130885	6270709	"_af_cyrl_script_class"
2995	21	131109	6270933	"_af_deva_script_class"
2996	21	131203	6271027	"_af_dsrt_script_class"
2997	21	131328	6271152	"_af_ethi_script_class"
2998	21	131422	6271246	"_af_geok_script_class"
2999	21	131516	6271340	"_af_geor_script_class"
3000	21	131610	6271434	"_af_glag_script_class"
3001	21	131704	6271528	"_af_goth_script_class"
3002	21	131902	6271726	"_af_grek_script_class"
3003	21	132126	6271950	"_af_gujr_script_class"
3004	21	132220	6272044	"_af_guru_script_class"
3005	21	132314	6272138	"_af_hani_script_class"
3006	21	132408	6272232	"_af_hebr_script_class"
3007	21	132533	6272357	"_af_kali_script_class"
3008	21	132627	6272451	"_af_khmr_script_class"
3009	21	132721	6272545	"_af_khms_script_class"
3010	21	132815	6272639	"_af_knda_script_class"
3011	21	132999	6272823	"_af_latb_script_class"
3012	21	133228	6273052	"_af_latn_script_class"
3013	21	133452	6273276	"_af_latp_script_class"
3014	21	133546	6273370	"_af_limb_script_class"
3015	21	133640	6273464	"_af_lisu_script_class"
3016	21	133734	6273558	"_af_medf_script_class"
3017	21	133828	6273652	"_af_mlym_script_class"
3018	21	133922	6273746	"_af_mong_script_class"
3019	21	134016	6273840	"_af_mymr_script_class"
3020	21	134110	6273934	"_af_nkoo_script_class"
3021	21	134204	6274028	"_af_none_script_class"
3022	21	134298	6274122	"_af_olck_script_class"
3023	21	134392	6274216	"_af_orkh_script_class"
3024	21	134486	6274310	"_af_orya_script_class"
3025	21	134580	6274404	"_af_osge_script_class"
3026	21	134674	6274498	"_af_osma_script_class"
3027	21	134768	6274592	"_af_rohg_script_class"
3028	21	134862	6274686	"_af_saur_script_class"
3029	21	134903	6274727	"_af_shaper_buf_create"
3030	21	135068	6274892	"_af_shaw_script_class"
3031	21	135162	6274986	"_af_sinh_script_class"
3032	21	135256	6275080	"_af_sund_script_class"
3033	21	135350	6275174	"_af_sylo_script_class"
3034	21	135444	6275268	"_af_taml_script_class"
3035	21	135538	6275362	"_af_tavt_script_class"
3036	21	135632	6275456	"_af_telu_script_class"
3037	21	135726	6275550	"_af_tfng_script_class"
3038	21	135820	6275644	"_af_thai_script_class"
3039	21	135914	6275738	"_af_tibt_script_class"
3040	21	136008	6275832	"_af_vaii_script_class"
3041	21	136067	6275891	"_autofit_module_class"
3042	21	136241	6276065	"_ft_bitmap_sdf_raster"
3043	21	136917	6276741	"_psnames_module_class"
3044	21	137155	6276979	"_t1_standard_encoding"
3045	21	137705	6277529	"_u_getNumericValue_61"
3046	21	137860	6277684	"_u_isJavaSpaceChar_61"
3047	21	138788	6278612	"_u_terminateUChars_61"
3048	21	138810	6278634	"_u_terminateWChars_61"
3049	21	139937	6279761	"_udata_openSwapper_61"
3050	21	140093	6279917	"_uprv_asciitolower_61"
3051	21	140531	6280355	"_uscript_getScript_61"
3052	21	140553	6280377	"_uscript_hasScript_61"
3053	21	140889	6280713	"_utrie2_getVersion_61"
3054	21	141305	6281129	"_CFArrayCreateMutable"
3055	21	141507	6281331	"_CFRunLoopRemoveTimer"
3056	21	141651	6281475	"_CFRunLoopTimerCreate"
3057	21	142098	6281922	"_CGContextSetLineJoin"
3058	21	142716	6282540	"_CGRectIntersectsRect"
3059	21	142889	6282713	"_CTFontCopyFamilyName"
3060	21	144336	6284160	"_NSHelpAnchorErrorKey"
3061	21	145190	6285014	"_NSRunLoopCommonModes"
3062	21	145249	6285073	"_NSSelectorFromString"
3063	21	145465	6285289	"_NSUnderlyingErrorKey"
3064	21	145583	6285407	"_OBJC_CLASS_$_CALayer"
3065	21	145770	6285594	"_OBJC_CLASS_$_CIImage"
3066	21	145849	6285673	"_OBJC_CLASS_$_MTKView"
3067	21	145909	6285733	"_OBJC_CLASS_$_NSArray"
3068	21	146016	6285840	"_OBJC_CLASS_$_NSCoder"
3069	21	146237	6286061	"_OBJC_CLASS_$_NSError"
3070	21	147421	6287245	"_OBJC_CLASS_$_NSValue"
3071	21	147618	6287442	"_OBJC_CLASS_$_UIColor"
3072	21	147708	6287532	"_OBJC_CLASS_$_UIImage"
3073	21	147796	6287620	"_OBJC_CLASS_$_UILabel"
3074	21	149793	6289617	"__Block_object_assign"
3075	21	158007	6297831	"__ZNSt3__16localeC1Ev"
3076	21	158029	6297853	"__ZNSt3__16localeD1Ev"
3077	21	158076	6297900	"__ZNSt3__16threadD1Ev"
3078	21	159318	6299142	"__ZTVSt12domain_error"
3079	21	159340	6299164	"__ZTVSt12length_error"
3080	21	159362	6299186	"__ZTVSt12out_of_range"
3081	21	159995	6299819	"__ZdlPvRKSt9nothrow_t"
3082	21	160216	6300040	"___cxa_free_exception"
3083	21	160356	6300180	"___gxx_personality_v0"
3084	21	161613	6301437	"_kCTFontAttributeName"
3085	21	161664	6301488	"_kCTFontNameAttribute"
3086	21	161686	6301510	"_kCTFontSizeAttribute"
3087	21	162977	6302801	"_sqlite3_busy_timeout"
3088	21	163076	6302900	"_sqlite3_column_bytes"
3089	21	163118	6302942	"_sqlite3_column_int64"
3090	20	4	6139828	"_BinaryArchiveDomain"
3091	20	1884	6141708	"_FT_Get_Multi_Master"
3092	20	1956	6141780	"_FT_Get_Paint_Layers"
3093	20	2018	6141842	"_FT_Get_Sfnt_LangTag"
3094	20	2831	6142655	"_FT_Outline_Embolden"
3095	20	2898	6142722	"_FT_Outline_Get_CBox"
3096	20	3046	6142870	"_FT_Palette_Data_Get"
3097	20	3845	6143669	"_FT_Vector_Transform"
3098	20	4089	6143913	"_LogStateErrorDomain"
3099	20	13482	6153306	"_OSStatusErrorDomain"
3100	20	125970	6265794	"__ZN3mlt7DecoderC1Ev"
3101	20	126090	6265914	"__ZN3mlt7DecoderC2Ev"
3102	20	126111	6265935	"__ZN3mlt7DecoderD1Ev"
3103	20	126132	6265956	"__ZN3mlt7DecoderD2Ev"
3104	20	126339	6266163	"__ZN3mlt7FeatureD1Ev"
3105	20	126360	6266184	"__ZN3mlt7FeatureD2Ev"
3106	20	132907	6272731	"_af_lao_script_class"
3107	20	136220	6276044	"_ft_adobe_glyph_list"
3108	20	137235	6277059	"_tt_cmap10_class_rec"
3109	20	137256	6277080	"_tt_cmap12_class_rec"
3110	20	137277	6277101	"_tt_cmap13_class_rec"
3111	20	137298	6277122	"_tt_cmap14_class_rec"
3112	20	137504	6277328	"_u_charDigitValue_61"
3113	20	138351	6278175	"_u_strCompareIter_61"
3114	20	138743	6278567	"_u_terminateChars_61"
3115	20	139071	6278895	"_ubidi_getLevelAt_61"
3116	20	139676	6279500	"_ubidi_setContext_61"
3117	20	139697	6279521	"_ubidi_setInverse_61"
3118	20	139959	6279783	"_udata_printError_61"
3119	20	140595	6280419	"_ustr_hashICharsN_61"
3120	20	140616	6280440	"_ustr_hashUCharsN_61"
3121	20	140993	6280817	"_utrie2_openDummy_61"
3122	20	141044	6280868	"_utrie2_serialize_61"
3123	20	141081	6280905	"_winfnt_driver_class"
3124	20	141122	6280946	"_CATransform3DConcat"
3125	20	141166	6280990	"_CATransform3DInvert"
3126	20	141238	6281062	"_CATransform3DRotate"
3127	20	141486	6281310	"_CFRunLoopGetCurrent"
3128	20	141883	6281707	"_CGColorSpaceRelease"
3129	20	141904	6281728	"_CGContextClipToMask"
3130	20	142035	6281859	"_CGContextSaveGState"
3131	20	142539	6282363	"_CGRectContainsPoint"
3132	20	144239	6284063	"_NSFontAttributeName"
3133	20	144614	6284438	"_NSLinkAttributeName"
3134	20	146108	6285932	"_OBJC_CLASS_$_NSData"
3135	20	146129	6285953	"_OBJC_CLASS_$_NSDate"
3136	20	146845	6286669	"_OBJC_CLASS_$_NSNull"
3137	20	147371	6287195	"_OBJC_CLASS_$_NSUUID"
3138	20	147687	6287511	"_OBJC_CLASS_$_UIFont"
3139	20	148109	6287933	"_OBJC_CLASS_$_UIView"
3140	20	149399	6289223	"_UIFontTextStyleBody"
3141	20	149484	6289308	"_UIFontWeightRegular"
3142	20	157535	6297359	"__ZNSt3__15mutexD1Ev"
3143	20	158804	6298628	"__ZNSt9bad_allocC1Ev"
3144	20	158825	6298649	"__ZNSt9bad_allocD1Ev"
3145	20	158846	6298670	"__ZNSt9exceptionD2Ev"
3146	20	159297	6299121	"__ZTVSt11range_error"
3147	20	160024	6299848	"__ZnamRKSt9nothrow_t"
3148	20	160052	6299876	"__ZnwmRKSt9nothrow_t"
3149	20	160257	6300081	"___cxa_guard_acquire"
3150	20	160278	6300102	"___cxa_guard_release"
3151	20	161194	6301018	"_kCAFillModeForwards"
3152	20	161349	6301173	"_kCFAllocatorDefault"
3153	20	162549	6302373	"_os_log_type_enabled"
3154	20	162629	6302453	"_pthread_getspecific"
3155	20	162724	6302548	"_pthread_setspecific"
3156	20	163055	6302879	"_sqlite3_column_blob"
3157	20	163140	6302964	"_sqlite3_column_type"
3158	19	749	6140573	"_CounterErrorDomain"
3159	19	1117	6140941	"_FT_Bitmap_Embolden"
3160	19	1440	6141264	"_FT_Face_Properties"
3161	19	1506	6141330	"_FT_Get_CMap_Format"
3162	19	1746	6141570	"_FT_Get_Font_Format"
3163	19	2324	6142148	"_FT_Gzip_Uncompress"
3164	19	2446	6142270	"_FT_Library_Version"
3165	19	2601	6142425	"_FT_Load_Sfnt_Table"
3166	19	2639	6142463	"_FT_Matrix_Multiply"
3167	19	2710	6142534	"_FT_New_Memory_Face"
3168	19	2982	6142806	"_FT_Outline_Reverse"
3169	19	3402	6143226	"_FT_Set_Log_Handler"
3170	19	3528	6143352	"_FT_Set_Pixel_Sizes"
3171	19	3644	6143468	"_FT_Sfnt_Table_Info"
3172	19	3672	6143496	"_FT_Stream_OpenGzip"
3173	19	3747	6143571	"_FT_Trace_Set_Level"
3174	19	3807	6143631	"_FT_Vector_Polarize"
3175	19	3900	6143724	"_HelpAnchorErrorKey"
3176	19	13978	6153802	"_UnderlyingErrorKey"
3177	19	134995	6274819	"_af_shaper_get_elem"
3178	19	136328	6276152	"_ft_hash_num_insert"
3179	19	136348	6276172	"_ft_hash_num_lookup"
3180	19	136404	6276228	"_ft_hash_str_insert"
3181	19	136424	6276248	"_ft_hash_str_lookup"
3182	19	136588	6276412	"_ft_standard_raster"
3183	19	136735	6276559	"_pfr_cmap_class_rec"
3184	19	136874	6276698	"_psaux_module_class"
3185	19	137135	6276959	"_t1_expert_encoding"
3186	19	137177	6277001	"_t1cid_driver_class"
3187	19	137215	6277039	"_tt_cmap0_class_rec"
3188	19	137319	6277143	"_tt_cmap2_class_rec"
3189	19	137339	6277163	"_tt_cmap4_class_rec"
3190	19	137359	6277183	"_tt_cmap6_class_rec"
3191	19	137379	6277203	"_tt_cmap8_class_rec"
3192	19	137470	6277294	"_u_UCharsToChars_61"
3193	19	137525	6277349	"_u_charDirection_61"
3194	19	137577	6277401	"_u_charsToUChars_61"
3195	19	137627	6277451	"_u_enumCharTypes_61"
3196	19	137751	6277575	"_u_isIDIgnorable_61"
3197	19	137840	6277664	"_u_isJavaIDStart_61"
3198	19	137899	6277723	"_u_isUAlphabetic_61"
3199	19	137919	6277743	"_u_isUWhiteSpace_61"
3200	19	138906	6278730	"_ubidi_countRuns_61"
3201	19	139051	6278875	"_ubidi_getLength_61"
3202	19	139092	6278916	"_ubidi_getLevels_61"
3203	19	139465	6279289	"_ubidi_invertMap_61"
3204	19	139485	6279309	"_ubidi_isInverse_61"
3205	19	139536	6279360	"_ubidi_openSized_61"
3206	19	139980	6279804	"_udata_readInt16_61"
3207	19	140000	6279824	"_udata_readInt32_61"
3208	19	140575	6280399	"_ustr_hashCharsN_61"
3209	19	140973	6280797	"_utrie2_isFrozen_61"
3210	19	141102	6280926	"_CACurrentMediaTime"
3211	19	141285	6281109	"_CFArrayAppendValue"
3212	19	141406	6281230	"_CFDictionaryCreate"
3213	19	141447	6281271	"_CFRunLoopAddSource"
3214	19	141543	6281367	"_CFRunLoopRunInMode"
3215	19	141925	6281749	"_CGContextDrawImage"
3216	19	142560	6282384	"_CGRectContainsRect"
3217	19	143063	6282887	"_CTLineGetGlyphRuns"
3218	19	143101	6282925	"_CTRunGetGlyphCount"
3219	19	144054	6283878	"_NSCocoaErrorDomain"
3220	19	144219	6284043	"_NSFilePathErrorKey"
3221	19	144292	6284116	"_NSGenericException"
3222	19	144901	6284725	"_NSPOSIXErrorDomain"
3223	19	147131	6286955	"_OBJC_CLASS_$_NSSet"
3224	19	147197	6287021	"_OBJC_CLASS_$_NSURL"
3225	19	149464	6289288	"_UIFontWeightMedium"
3226	19	149838	6289662	"__DefaultRuneLocale"
3227	19	158764	6298588	"__ZNSt8bad_castC1Ev"
3228	19	158784	6298608	"__ZNSt8bad_castD1Ev"
3229	19	160299	6300123	"___cxa_pure_virtual"
3230	19	162198	6302022	"_objc_msgSendSuper2"
3231	19	162609	6302433	"_pthread_getname_np"
3232	19	162650	6302474	"_pthread_key_create"
3233	19	162670	6302494	"_pthread_key_delete"
3234	19	162704	6302528	"_pthread_setname_np"
3235	19	162919	6302743	"_sqlite3_bind_int64"
3236	19	163098	6302922	"_sqlite3_column_int"
3237	19	163344	6303168	"_sqlite3_prepare_v2"
3238	18	1066	6140890	"_FT_Bitmap_Convert"
3239	18	1551	6141375	"_FT_Get_Char_Index"
3240	18	1727	6141551	"_FT_Get_First_Char"
3241	18	1766	6141590	"_FT_Get_Glyph_Name"
3242	18	1905	6141729	"_FT_Get_Name_Index"
3243	18	2081	6141905	"_FT_Get_Sfnt_Table"
3244	18	2963	6142787	"_FT_Outline_Render"
3245	18	3067	6142891	"_FT_Palette_Select"
3246	18	3153	6142977	"_FT_Reference_Face"
3247	18	3259	6143083	"_FT_Select_Charmap"
3248	18	3328	6143152	"_FT_Set_Debug_Hook"
3249	18	3692	6143516	"_FT_Stream_OpenLZW"
3250	18	125487	6265311	"__ZN3mlt5LayerD1Ev"
3251	18	125506	6265330	"__ZN3mlt5LayerD2Ev"
3252	18	129527	6269351	"_af_adlm_uniranges"
3253	18	129621	6269445	"_af_arab_uniranges"
3254	18	129715	6269539	"_af_armn_uniranges"
3255	18	129834	6269658	"_af_avst_uniranges"
3256	18	129928	6269752	"_af_bamu_uniranges"
3257	18	130022	6269846	"_af_beng_uniranges"
3258	18	130116	6269940	"_af_buhd_uniranges"
3259	18	130210	6270034	"_af_cakm_uniranges"
3260	18	130304	6270128	"_af_cans_uniranges"
3261	18	130398	6270222	"_af_cari_uniranges"
3262	18	130492	6270316	"_af_cher_uniranges"
3263	18	130615	6270439	"_af_copt_uniranges"
3264	18	130709	6270533	"_af_cprt_uniranges"
3265	18	131037	6270861	"_af_cyrl_uniranges"
3266	18	131131	6270955	"_af_deva_uniranges"
3267	18	131225	6271049	"_af_dsrt_uniranges"
3268	18	131350	6271174	"_af_ethi_uniranges"
3269	18	131444	6271268	"_af_geok_uniranges"
3270	18	131538	6271362	"_af_geor_uniranges"
3271	18	131632	6271456	"_af_glag_uniranges"
3272	18	131726	6271550	"_af_goth_uniranges"
3273	18	132054	6271878	"_af_grek_uniranges"
3274	18	132148	6271972	"_af_gujr_uniranges"
3275	18	132242	6272066	"_af_guru_uniranges"
3276	18	132336	6272160	"_af_hani_uniranges"
3277	18	132430	6272254	"_af_hebr_uniranges"
3278	18	132555	6272379	"_af_kali_uniranges"
3279	18	132649	6272473	"_af_khmr_uniranges"
3280	18	132743	6272567	"_af_khms_uniranges"
3281	18	132837	6272661	"_af_knda_uniranges"
3282	18	133021	6272845	"_af_latb_uniranges"
3283	18	133380	6273204	"_af_latn_uniranges"
3284	18	133474	6273298	"_af_latp_uniranges"
3285	18	133568	6273392	"_af_limb_uniranges"
3286	18	133662	6273486	"_af_lisu_uniranges"
3287	18	133756	6273580	"_af_medf_uniranges"
3288	18	133850	6273674	"_af_mlym_uniranges"
3289	18	133944	6273768	"_af_mong_uniranges"
3290	18	134038	6273862	"_af_mymr_uniranges"
3291	18	134132	6273956	"_af_nkoo_uniranges"
3292	18	134226	6274050	"_af_none_uniranges"
3293	18	134320	6274144	"_af_olck_uniranges"
3294	18	134414	6274238	"_af_orkh_uniranges"
3295	18	134508	6274332	"_af_orya_uniranges"
3296	18	134602	6274426	"_af_osge_uniranges"
3297	18	134696	6274520	"_af_osma_uniranges"
3298	18	134790	6274614	"_af_rohg_uniranges"
3299	18	134884	6274708	"_af_saur_uniranges"
3300	18	135090	6274914	"_af_shaw_uniranges"
3301	18	135184	6275008	"_af_sinh_uniranges"
3302	18	135278	6275102	"_af_sund_uniranges"
3303	18	135372	6275196	"_af_sylo_uniranges"
3304	18	135466	6275290	"_af_taml_uniranges"
3305	18	135560	6275384	"_af_tavt_uniranges"
3306	18	135654	6275478	"_af_telu_uniranges"
3307	18	135748	6275572	"_af_tfng_uniranges"
3308	18	135842	6275666	"_af_thai_uniranges"
3309	18	135936	6275760	"_af_tibt_uniranges"
3310	18	136030	6275854	"_af_vaii_uniranges"
3311	18	136107	6275931	"_cff_builder_funcs"
3312	18	136183	6276007	"_cff_decoder_funcs"
3313	18	136939	6276763	"_sfnt_module_class"
3314	18	137802	6277626	"_u_isISOControl_61"
3315	18	137821	6277645	"_u_isJavaIDPart_61"
3316	18	137939	6277763	"_u_isWhitespace_61"
3317	18	138389	6278213	"_u_strFindFirst_61"
3318	18	138980	6278804	"_ubidi_getClass_61"
3319	18	139861	6279685	"_ublock_getCode_61"
3320	18	140074	6279898	"_uprv_aestrncpy_61"
3321	18	140164	6279988	"_uprv_eastrncpy_61"
3322	18	141467	6281291	"_CFRunLoopAddTimer"
3323	18	141974	6281798	"_CGContextFillRect"
3324	18	142056	6281880	"_CGContextScaleCTM"
3325	18	142302	6282126	"_CGGradientRelease"
3326	18	144859	6284683	"_NSMachErrorDomain"
3327	18	145297	6285121	"_NSStringFromClass"
3328	18	145316	6285140	"_NSStringFromRange"
3329	18	149445	6289269	"_UIFontWeightLight"
3330	18	160121	6299945	"___NSDictionary0__"
3331	18	160180	6300004	"___cxa_begin_catch"
3332	18	160238	6300062	"___cxa_guard_abort"
3333	18	160455	6300279	"___stack_chk_guard"
3334	18	160565	6300389	"__objc_empty_cache"
3335	18	161562	6301386	"_kCIInputRadiusKey"
3336	18	162058	6301882	"_objc_getMetaClass"
3337	18	162882	6302706	"_sqlite3_bind_blob"
3338	18	162939	6302763	"_sqlite3_bind_null"
3339	18	162958	6302782	"_sqlite3_bind_text"
3340	18	163161	6302985	"_sqlite3_db_handle"
3341	17	99	6139923	"_CocoaErrorDomain"
3342	17	933	6140757	"_FT_Activate_Size"
3343	17	1031	6140855	"_FT_Attach_Stream"
3344	17	1213	6141037	"_FT_Done_FreeType"
3345	17	1924	6141748	"_FT_Get_Next_Char"
3346	17	2039	6141863	"_FT_Get_Sfnt_Name"
3347	17	2144	6141968	"_FT_Get_Transform"
3348	17	2344	6142168	"_FT_Init_FreeType"
3349	17	2479	6142303	"_FT_List_Finalize"
3350	17	2621	6142445	"_FT_Matrix_Invert"
3351	17	2757	6142581	"_FT_Outline_Check"
3352	17	3194	6143018	"_FT_Remove_Module"
3353	17	3294	6143118	"_FT_Set_Char_Size"
3354	17	3565	6143389	"_FT_Set_Transform"
3355	17	3789	6143613	"_FT_Vector_Length"
3356	17	3827	6143651	"_FT_Vector_Rotate"
3357	17	3882	6143706	"_FilePathErrorKey"
3358	17	13503	6153327	"_POSIXErrorDomain"
3359	17	132928	6272752	"_af_lao_uniranges"
3360	17	136049	6275873	"_afm_parser_funcs"
3361	17	136089	6275913	"_bdf_driver_class"
3362	17	136202	6276026	"_cff_driver_class"
3363	17	136310	6276134	"_ft_hash_num_init"
3364	17	136368	6276192	"_ft_hash_str_free"
3365	17	136386	6276210	"_ft_hash_str_init"
3366	17	136717	6276541	"_pcf_driver_class"
3367	17	136755	6276579	"_pfr_driver_class"
3368	17	136773	6276597	"_ps_builder_funcs"
3369	17	136958	6276782	"_t1_builder_funcs"
3370	17	137100	6276924	"_t1_decoder_funcs"
3371	17	137197	6277021	"_t42_driver_class"
3372	17	137597	6277421	"_u_countChar32_61"
3373	17	138333	6278157	"_u_shapeArabic_61"
3374	17	138408	6278232	"_u_strFindLast_61"
3375	17	139376	6279200	"_ubidi_getText_61"
3376	17	139718	6279542	"_ubidi_setLine_61"
3377	17	139736	6279560	"_ubidi_setPara_61"
3378	17	140464	6280288	"_uprv_strnicmp_61"
3379	17	141993	6281817	"_CGContextRelease"
3380	17	142366	6282190	"_CGImageGetHeight"
3381	17	143083	6282907	"_CTRunGetAdvances"
3382	17	145143	6284967	"_NSRangeException"
3383	17	149381	6289205	"_UIEdgeInsetsZero"
3384	17	160437	6300261	"___stack_chk_fail"
3385	17	160514	6300338	"__dispatch_main_q"
3386	17	161215	6301039	"_kCAGravityBottom"
3387	17	161233	6301057	"_kCALineJoinRound"
3388	17	161370	6301194	"_kCFAllocatorNull"
3389	17	161544	6301368	"_kCIInputImageKey"
3390	17	161901	6301725	"_objc_autorelease"
3391	17	162014	6301838	"_objc_destroyWeak"
3392	17	162077	6301901	"_objc_getProperty"
3393	17	162095	6301919	"_objc_getProtocol"
3394	17	162151	6301975	"_objc_lookUpClass"
3395	17	162305	6302129	"_objc_retainBlock"
3396	17	162411	6302235	"_objc_storeStrong"
3397	17	162821	6302645	"_sel_registerName"
3398	17	162901	6302725	"_sqlite3_bind_int"
3399	17	163241	6303065	"_sqlite3_finalize"
3400	16	1049	6140873	"_FT_Bitmap_Blend"
3401	16	1231	6141055	"_FT_Done_Library"
3402	16	1278	6141102	"_FT_Error_String"
3403	16	1489	6141313	"_FT_Get_Advances"
3404	16	2001	6141825	"_FT_Get_Renderer"
3405	16	2527	6142351	"_FT_List_Iterate"
3406	16	2775	6142599	"_FT_Outline_Copy"
3407	16	2814	6142638	"_FT_Outline_Done"
3408	16	3119	6142943	"_FT_Property_Get"
3409	16	3136	6142960	"_FT_Property_Set"
3410	16	3212	6143036	"_FT_Render_Glyph"
3411	16	3229	6143053	"_FT_Request_Size"
3412	16	3548	6143372	"_FT_Set_Renderer"
3413	16	6393	6146217	"_MachErrorDomain"
3414	16	136293	6276117	"_ft_grays_raster"
3415	16	136807	6276631	"_ps_parser_funcs"
3416	16	136824	6276648	"_ps_property_get"
3417	16	136841	6276665	"_ps_property_set"
3418	16	136976	6276800	"_t1_cmap_classes"
3419	16	137118	6276942	"_t1_driver_class"
3420	16	137453	6277277	"_tt_driver_class"
3421	16	137545	6277369	"_u_charMirror_61"
3422	16	137882	6277706	"_u_isMirrored_61"
3423	16	138372	6278196	"_u_strCompare_61"
3424	16	138832	6278656	"_u_unescapeAt_61"
3425	16	140397	6280221	"_uprv_realloc_61"
3426	16	140430	6280254	"_uprv_stricmp_61"
3427	16	140447	6280271	"_uprv_strndup_61"
3428	16	140482	6280306	"_uprv_toupper_61"
3429	16	140765	6280589	"_utrie2_close_61"
3430	16	140872	6280696	"_utrie2_get32_61"
3431	16	141673	6281497	"_CFRunLoopWakeUp"
3432	16	142384	6282208	"_CGImageGetWidth"
3433	16	142580	6282404	"_CGRectGetHeight"
3434	16	157206	6297030	"__ZNSt3__14coutE"
3435	16	158949	6298773	"__ZSt9terminatev"
3436	16	160199	6300023	"___cxa_end_catch"
3437	16	160420	6300244	"___sincosf_stret"
3438	16	160694	6300518	"_class_addMethod"
3439	16	160898	6300722	"_dispatch_once_f"
3440	16	161177	6301001	"_kCAFillModeBoth"
3441	16	162445	6302269	"_objc_sync_enter"
3442	16	162999	6302823	"_sqlite3_changes"
3443	16	163327	6303151	"_sqlite3_open_v2"
3444	16	163586	6303410	"dyld_stub_binder"
3445	15	1015	6140839	"_FT_Attach_File"
3446	15	1085	6140909	"_FT_Bitmap_Copy"
3447	15	1101	6140925	"_FT_Bitmap_Done"
3448	15	1137	6140961	"_FT_Bitmap_Init"
3449	15	1248	6141072	"_FT_Done_MM_Var"
3450	15	1473	6141297	"_FT_Get_Advance"
3451	15	1785	6141609	"_FT_Get_Kerning"
3452	15	2511	6142335	"_FT_List_Insert"
3453	15	2544	6142368	"_FT_List_Remove"
3454	15	2694	6142518	"_FT_New_Library"
3455	15	2947	6142771	"_FT_Outline_New"
3456	15	3278	6143102	"_FT_Select_Size"
3457	15	3312	6143136	"_FT_Set_Charmap"
3458	15	3866	6143690	"_FT_Vector_Unit"
3459	15	4242	6144066	"_MLNErrorDomain"
3460	15	13784	6153608	"_TT_New_Context"
3461	15	136791	6276615	"_ps_hints_apply"
3462	15	136858	6276682	"_ps_table_funcs"
3463	15	137647	6277471	"_u_errorName_61"
3464	15	137786	6277610	"_u_isIDStart_61"
3465	15	138027	6277851	"_u_isdefined_61"
3466	15	138265	6278089	"_u_memrchr32_61"
3467	15	138658	6278482	"_u_strrchr32_61"
3468	15	138864	6278688	"_ubidi_close_61"
3469	15	140115	6279939	"_uprv_calloc_61"
3470	15	140355	6280179	"_uprv_malloc_61"
3471	15	140414	6280238	"_uprv_strdup_61"
3472	15	140814	6280638	"_utrie2_enum_61"
3473	15	141065	6280889	"_utrie2_swap_61"
3474	15	142401	6282225	"_CGImageRelease"
3475	15	142687	6282511	"_CGRectGetWidth"
3476	15	149905	6289729	"__Unwind_Resume"
3477	15	160404	6300228	"___sincos_stret"
3478	15	160611	6300435	"__tlv_bootstrap"
3479	15	160800	6300624	"_dispatch_after"
3480	15	160816	6300640	"_dispatch_async"
3481	15	162429	6302253	"_objc_storeWeak"
3482	15	162462	6302286	"_objc_sync_exit"
3483	15	162593	6302417	"_pthread_create"
3484	15	163180	6303004	"_sqlite3_errmsg"
3485	14	975	6140799	"_FT_Add_Module"
3486	14	990	6140814	"_FT_Angle_Diff"
3487	14	1153	6140977	"_FT_Bitmap_New"
3488	14	1830	6141654	"_FT_Get_MM_Var"
3489	14	1869	6141693	"_FT_Get_Module"
3490	14	2586	6142410	"_FT_Load_Glyph"
3491	14	3920	6143744	"_IOErrorDomain"
3492	14	136485	6276309	"_ft_sdf_raster"
3493	14	137562	6277386	"_u_charType_61"
3494	14	137663	6277487	"_u_forDigit_61"
3495	14	137771	6277595	"_u_isIDPart_61"
3496	14	138155	6277979	"_u_isxdigit_61"
3497	14	138170	6277994	"_u_memchr32_61"
3498	14	138466	6278290	"_u_strchr32_61"
3499	14	138728	6278552	"_u_strtok_r_61"
3500	14	138849	6278673	"_u_unescape_61"
3501	14	139556	6279380	"_ubidi_open_61"
3502	14	141636	6281460	"_CFRunLoopStop"
3503	14	142321	6282145	"_CGImageCreate"
3504	14	142511	6282335	"_CGPathRelease"
3505	14	142597	6282421	"_CGRectGetMaxX"
3506	14	142612	6282436	"_CGRectGetMaxY"
3507	14	142627	6282451	"_CGRectGetMidX"
3508	14	142642	6282466	"_CGRectGetMidY"
3509	14	142657	6282481	"_CGRectGetMinX"
3510	14	142672	6282496	"_CGRectGetMinY"
3511	14	142738	6282562	"_CGRectIsEmpty"
3512	14	145389	6285213	"_NSURLErrorKey"
3513	14	160319	6300143	"___cxa_rethrow"
3514	14	160785	6300609	"_deflateInit2_"
3515	14	160883	6300707	"_dispatch_once"
3516	14	160938	6300762	"_dispatch_sync"
3517	14	160953	6300777	"_dispatch_time"
3518	14	161148	6300972	"_inflateInit2_"
3519	14	161999	6301823	"_objc_copyWeak"
3520	14	162113	6301937	"_objc_initWeak"
3521	14	162169	6301993	"_objc_moveWeak"
3522	14	162534	6302358	"_os_log_create"
3523	14	163040	6302864	"_sqlite3_close"
3524	14	163364	6303188	"_sqlite3_reset"
3525	14	163603	6303427	"radr://5614542"
3526	13	1199	6141023	"_FT_Done_Face"
3527	13	1264	6141088	"_FT_Done_Size"
3528	13	1942	6141766	"_FT_Get_Paint"
3529	13	2497	6142321	"_FT_List_Find"
3530	13	2572	6142396	"_FT_Load_Char"
3531	13	2743	6142567	"_FT_Open_Face"
3532	13	13951	6153775	"_TensorDomain"
3533	13	136444	6276268	"_ft_mac_names"
3534	13	136523	6276347	"_ft_sid_names"
3535	13	137490	6277314	"_u_charAge_61"
3536	13	137958	6277782	"_u_isalnum_61"
3537	13	137972	6277796	"_u_isalpha_61"
3538	13	137999	6277823	"_u_isblank_61"
3539	13	138013	6277837	"_u_iscntrl_61"
3540	13	138043	6277867	"_u_isdigit_61"
3541	13	138057	6277881	"_u_isgraph_61"
3542	13	138071	6277895	"_u_islower_61"
3543	13	138085	6277909	"_u_isprint_61"
3544	13	138099	6277923	"_u_ispunct_61"
3545	13	138113	6277937	"_u_isspace_61"
3546	13	138127	6277951	"_u_istitle_61"
3547	13	138141	6277965	"_u_isupper_61"
3548	13	138251	6278075	"_u_memmove_61"
3549	13	138281	6278105	"_u_memrchr_61"
3550	13	138547	6278371	"_u_strcspn_61"
3551	13	138574	6278398	"_u_strncat_61"
3552	13	138616	6278440	"_u_strncmp_61"
3553	13	138630	6278454	"_u_strncpy_61"
3554	13	138644	6278468	"_u_strpbrk_61"
3555	13	138674	6278498	"_u_strrchr_61"
3556	13	138688	6278512	"_u_strrstr_61"
3557	13	140263	6280087	"_uprv_free_61"
3558	13	141529	6281353	"_CFRunLoopRun"
3559	13	142753	6282577	"_CGRectIsNull"
3560	13	142779	6282603	"_CGRectOffset"
3561	13	158935	6298759	"__ZSt7nothrow"
3562	13	160107	6299931	"___NSArray0__"
3563	13	160166	6299990	"___cxa_atexit"
3564	13	160390	6300214	"___memcpy_chk"
3565	13	160584	6300408	"__os_log_impl"
3566	13	161163	6300987	"_inflateReset"
3567	13	162184	6302008	"_objc_msgSend"
3568	13	162218	6302042	"_objc_release"
3569	13	162690	6302514	"_pthread_self"
3570	13	163196	6303020	"_sqlite3_exec"
3571	13	163259	6303083	"_sqlite3_free"
3572	13	163379	6303203	"_sqlite3_step"
3573	13	163548	6303372	"_sysctlbyname"
3574	12	1460	6141284	"_FT_FloorFix"
3575	12	2466	6142290	"_FT_List_Add"
3576	12	2681	6142505	"_FT_New_Face"
3577	12	2730	6142554	"_FT_New_Size"
3578	12	3246	6143070	"_FT_RoundFix"
3579	12	13965	6153789	"_URLErrorKey"
3580	12	137986	6277810	"_u_isbase_61"
3581	12	138185	6278009	"_u_memchr_61"
3582	12	138225	6278049	"_u_memcmp_61"
3583	12	138238	6278062	"_u_memcpy_61"
3584	12	138295	6278119	"_u_memset_61"
3585	12	138453	6278277	"_u_strcat_61"
3586	12	138481	6278305	"_u_strchr_61"
3587	12	138521	6278345	"_u_strcmp_61"
3588	12	138534	6278358	"_u_strcpy_61"
3589	12	138561	6278385	"_u_strlen_61"
3590	12	138702	6278526	"_u_strspn_61"
3591	12	138715	6278539	"_u_strstr_61"
3592	12	140371	6280195	"_uprv_max_61"
3593	12	140384	6280208	"_uprv_min_61"
3594	12	142526	6282350	"_CGPointZero"
3595	12	142703	6282527	"_CGRectInset"
3596	12	142793	6282617	"_CGRectUnion"
3597	12	160334	6300158	"___cxa_throw"
3598	12	160598	6300422	"__tlv_atexit"
3599	12	162232	6302056	"_objc_retain"
3600	12	163573	6303397	"_zlibVersion"
3601	11	1168	6140992	"_FT_CeilFix"
3602	11	2560	6142384	"_FT_List_Up"
3603	11	137615	6277439	"_u_digit_61"
3604	11	142767	6282591	"_CGRectNull"
3605	11	142806	6282630	"_CGRectZero"
3606	11	142818	6282642	"_CGSizeZero"
3607	11	143051	6282875	"_CTLineDraw"
3608	11	160378	6300202	"___maskrune"
3609	11	160773	6300597	"_deflateEnd"
3610	11	161136	6300960	"_inflateEnd"
3611	11	161889	6301713	"_objc_alloc"
3612	11	163449	6303273	"_strerror_r"
3613	10	1188	6141012	"_FT_DivFix"
3614	10	2659	6142483	"_FT_MulDiv"
3615	10	2670	6142494	"_FT_MulFix"
3616	10	13800	6153624	"_TT_RunIns"
3617	10	141426	6281250	"_CFRelease"
3618	10	160474	6300298	"___tolower"
3619	10	162786	6302610	"_remainder"
3620	9	1005	6140829	"_FT_Atan2"
3621	9	141437	6281261	"_CFRetain"
3622	9	160743	6300567	"_closedir"
3623	9	161110	6300934	"_gmtime_r"
3624	9	162570	6302394	"_pathconf"
3625	9	162767	6302591	"_readlink"
3626	9	162872	6302696	"_snprintf"
3627	9	163439	6303263	"_strerror"
3628	9	163461	6303285	"_strftime"
3629	8	160347	6300171	"___error"
3630	8	160764	6300588	"_deflate"
3631	8	161127	6300951	"_inflate"
3632	8	161740	6301564	"_longjmp"
3633	8	161788	6301612	"_memmove"
3634	8	162525	6302349	"_opendir"
3635	8	162758	6302582	"_readdir"
3636	8	162777	6302601	"_realloc"
3637	8	163479	6303303	"_strncmp"
3638	8	163488	6303312	"_strncpy"
3639	8	163497	6303321	"_strrchr"
3640	8	163530	6303354	"_strtoll"
3641	8	163539	6303363	"_strtoul"
3642	7	1180	6141004	"_FT_Cos"
3643	7	3664	6143488	"_FT_Sin"
3644	7	3711	6143535	"_FT_Tan"
3645	7	159979	6299803	"__ZdaPv"
3646	7	159987	6299811	"__ZdlPv"
3647	7	160659	6300483	"_atan2f"
3648	7	160686	6300510	"_calloc"
3649	7	160993	6300817	"_fclose"
3650	7	161008	6300832	"_fflush"
3651	7	161056	6300880	"_fseeko"
3652	7	161078	6300902	"_ftello"
3653	7	161086	6300910	"_fwrite"
3654	7	161094	6300918	"_getcwd"
3655	7	161102	6300926	"_getenv"
3656	7	161756	6301580	"_malloc"
3657	7	161764	6301588	"_memchr"
3658	7	161772	6301596	"_memcmp"
3659	7	161780	6301604	"_memcpy"
3660	7	161797	6301621	"_memset"
3661	7	161881	6301705	"_munmap"
3662	7	162585	6302409	"_printf"
3663	7	162797	6302621	"_remove"
3664	7	162805	6302629	"_rename"
3665	7	162813	6302637	"_rewind"
3666	7	162839	6302663	"_setbuf"
3667	7	162847	6302671	"_setjmp"
3668	7	163393	6303217	"_sscanf"
3669	7	163407	6303231	"_strcat"
3670	7	163415	6303239	"_strchr"
3671	7	163423	6303247	"_strcmp"
3672	7	163431	6303255	"_strcpy"
3673	7	163471	6303295	"_strlen"
3674	7	163506	6303330	"_strstr"
3675	7	163514	6303338	"_strtof"
3676	7	163522	6303346	"_strtol"
3677	6	144852	6284676	"_NSLog"
3678	6	160017	6299841	"__Znam"
3679	6	160045	6299869	"__Znwm"
3680	6	160627	6300451	"_abort"
3681	6	160652	6300476	"_atan2"
3682	6	160679	6300503	"_bzero"
3683	6	160736	6300560	"_close"
3684	6	160968	6300792	"_dlsym"
3685	6	160986	6300810	"_exp2f"
3686	6	161001	6300825	"_fcntl"
3687	6	161022	6300846	"_fmodf"
3688	6	161029	6300853	"_fopen"
3689	6	161036	6300860	"_fread"
3690	6	161049	6300873	"_fseek"
3691	6	161064	6300888	"_fstat"
3692	6	161071	6300895	"_ftell"
3693	6	161120	6300944	"_hypot"
3694	6	161708	6301532	"_ldexp"
3695	6	161720	6301544	"_log10"
3696	6	161733	6301557	"_log2f"
3697	6	161749	6301573	"_lstat"
3698	6	161855	6301679	"_mkdir"
3699	6	161874	6301698	"_modff"
3700	6	162745	6302569	"_qsort"
3701	5	160634	6300458	"_acos"
3702	5	160640	6300464	"_asin"
3703	5	160646	6300470	"_atan"
3704	5	160667	6300491	"_atof"
3705	5	160673	6300497	"_atoi"
3706	5	160758	6300582	"_cosh"
3707	5	160980	6300804	"_exp2"
3708	5	161016	6300840	"_fmod"
3709	5	161043	6300867	"_free"
3710	5	161727	6301551	"_log2"
3711	5	161862	6301686	"_mmap"
3712	5	161868	6301692	"_modf"
3713	5	162519	6302343	"_open"
3714	5	162752	6302576	"_read"
3715	5	162860	6302684	"_sinf"
3716	5	162866	6302690	"_sinh"
3717	5	163401	6303225	"_stat"
3718	5	163567	6303391	"_tanh"
3719	4	160753	6300577	"_cos"
3720	4	160975	6300799	"_exp"
3721	4	161715	6301539	"_log"
3722	4	162580	6302404	"_pow"
3723	4	162855	6302679	"_sin"
3724	4	163562	6303386	"_tan"
